344765

144: 335885 229390 26639 268302 88081 229393 268307 268308 229397 268309 229399 229400 26649 268310 268312 276506 34846 45087 26659 131116 26669 290863 12340 26679 12344 194615 290874 96315 290875 290876 110656 198725 198726 198727 198728 77 194639 96337 194643 151640 151646 243807 317538 18531 229476 32872 194667 110704 53364 96375 268408 65657 127 114816 130 133 73861 268426 104587 142 39055 268432 100497 268433 268435 148 229524 268431 293008 55448 276634 156 166044 276638 290975 151716 157860 202920 297129 344246 229560 291002 297146 293055 291008 229569 229570 229571 6340 229572 317638 329925 334016 293065 293066 286927 100560 186577 303315 205015 335865 334053 65773 86256 174323 168180 129269 82166 268537 284922 176379 284926 284927 284928 284929 317697 155908 178437 268550 55565 155918 135441 168210 155928 157977 229656 106780 205088 155938 121132 155948 299310 309 155958 94520 155967 293184 330048 305484 155981 14673 117075 285012 293205 155991 172378 285020 125279 156001 156012 8576 135557 278919 45450 35211 246154 131470 92561 201106 186771 162200 190875 227743 121249 131490 2474 57774 63922 70071 82359 156089 57787 176571 332221 88513 156099 119236 156109 53710 133583 41424 172496 186832 192980 98774 20951 156118 8667 147932 156129 111075 25068 176631 205303 299511 82427 299515 45567 35327 297476 8709 80389 279045 297478 25106 141842 152082 166418 297495 336408 289305 203290 301595 238108 125471 6688 340514 66093 131630 205370 231994 100924 199231 66116 59980 133708 29266 55891 162392 78425 111194 193115 342616 297565 125535 287328 301666 119396 66152 55913 129641 2670 25198 158322 70262 25215 152197 25225 158345 287371 25230 170645 162454 344728 320153 303772 328352 17059 37541 101039 2736 135855 142002 158386 307891 70326 109239 33471 121535 33476 43718 135885 342735 342738 121561 193241 207577 49884 172768 191202 78563 281317 289513 293611 293612 293613 293614 172794 180992 60173 29459 295707 113436 109350 64295 207654 150319 150328 45885 187197 293694 35648 150338 54083 295747 289606 234313 193354 330569 60237 285518 29522 27477 156501 191318 35672 328536 45915 338781 82783 176992 136035 201572 74600 875 115563 328556 105330 293747 332659 99191 39801 281470 293761 45955 293765 293766 195463 293767 293768 293769 301958 19344 338833 301974 295833 295834 111515 50076 295835 154526 295836 314265 191398 191399 187310 111537 140212 207801 328633 93116 134079 181184 207809 207808 125896 328652 82900 177109 328662 86999 291800 119770 50140 293854 160737 152550 293865 101354 322542 93168 295920 152569 295930 121854 181246 101376 80897 162817 191489 295940 171020 19477 220192 95265 70690 101410 66596 185379 269347 74793 3114 201772 115757 183341 105523 33845 291894 291893 207928 39993 291895 44091 126013 203839 341063 298056 236634 332898 74856 81000 115817 105584 269424 81011 185461 162934 40057 81020 269439 113793 81030 310409 81040 70803 87192 109720 81050 46235 191641 175263 3234 199844 269486 292018 60596 328885 150710 29881 138428 306371 206021 292041 87249 95458 292068 99563 275694 177393 292082 292081 292083 167162 124161 21763 124165 187654 38154 306443 177421 324877 191765 169238 193816 83227 187676 95521 306468 300325 91430 60711 290092 29997 138542 9520 83250 161085 187711 50498 316740 238917 126279 130383 292175 27985 68948 68953 126305 193889 292198 1386 296302 181615 292214 21891 296327 296330 177547 9613 9629 9630 91554 60840 26026 7597 300461 222639 222640 50615 28090 167354 196029 183742 271805 341438 196033 196034 196035 28100 196037 300483 337345 341447 337353 286156 142798 28110 116176 163279 286158 60884 75222 312790 28120 339416 105948 40415 28131 163299 333286 239082 185835 28141 142829 58864 239088 28151 167416 71161 298487 3582 163337 79372 65037 81420 71183 130573 175635 298516 101909 3607 302618 327194 54826 329259 7725 142896 30261 327221 165432 327228 157245 179773 87620 116293 179781 181832 75338 128586 130634 288330 259662 30289 40532 3669 106068 91735 179797 183900 278109 288351 91745 7780 179812 194150 194151 194149 206442 91755 179820 91765 179829 48761 124538 48766 73342 179838 206462 206463 61063 79496 83593 179849 190091 95885 196238 179859 179867 274078 196256 179877 188070 134823 196261 161458 87736 335548 284350 120513 315077 65229 69327 24274 274131 274132 274133 274134 50907 75483 229083 79583 116449 194274 222947 229090 229091 229092 229089 79593 55018 108271 171762 194291 32502 194295 50936 241398 157437 95998 173821 194303 194304 194302 194305 306943 294661 194313 65291 93963 128780 114446 73487 304917 104214 38681 34588 44832 182053 55082 294698 202543 202545 274225 155445 157501 300867 229195 304978 145245 94048 167778 59236 229220 145255 135016 28522 229230 145264 169845 229239 229240 229241 302971 85884 182141 300926 110464 120704 315268 75653 294792 194441 286601 294793 294794 40845 294795 294797 94097 106394 94107 151452 75676 63391 40867 94116 182180 194471 135080 94127 171951 106417 116661 130998 194488 94137 94142 75711 194495 120769 194497 94147 194496 280517 194505 229322 331722 40908 344011 331726 100305 229333 167895 34781 294877 45023 90083 26597 229351 172016 229362 49139 294899 290809 88060 294911
146: 335885 229390 26639 268302 88081 229393 268307 268308 229397 268309 229399 229400 26649 268310 268312 276506 34846 45087 26659 131116 26669 290863 12340 26679 12344 194615 290874 96315 290875 290876 110656 198725 198726 198727 198728 77 194639 96337 194643 151640 151646 243807 317538 18531 229476 32872 194667 110704 53364 96375 268408 65657 127 114816 130 133 73861 268426 104587 142 39055 268432 100497 268433 268435 148 229524 268431 293008 55448 276634 156 166044 276638 290975 151716 157860 202920 297129 344246 229560 291002 297146 293055 291008 229569 229570 229571 6340 229572 317638 329925 334016 293065 293066 286927 100560 186577 303315 205015 335865 334053 65773 86256 174323 168180 129269 82166 268537 284922 176379 284926 284927 284928 284929 317697 155908 178437 268550 55565 155918 135441 168210 155928 157977 229656 106780 205088 155938 121132 155948 299310 309 155958 94520 155967 293184 330048 305484 155981 14673 117075 285012 293205 155991 172378 285020 125279 156001 156012 8576 135557 278919 45450 35211 246154 131470 92561 201106 186771 162200 190875 227743 121249 131490 2474 57774 63922 70071 82359 156089 57787 176571 332221 88513 156099 119236 156109 53710 133583 41424 172496 186832 192980 98774 20951 156118 8667 147932 156129 111075 25068 176631 205303 299511 82427 299515 45567 35327 297476 8709 80389 279045 297478 25106 141842 152082 166418 297495 336408 289305 203290 301595 238108 125471 6688 340514 66093 131630 205370 231994 100924 199231 66116 59980 133708 29266 55891 162392 78425 111194 193115 342616 297565 125535 287328 301666 119396 66152 55913 129641 2670 25198 158322 70262 25215 152197 25225 158345 287371 25230 170645 162454 344728 320153 303772 328352 17059 37541 101039 2736 135855 142002 158386 307891 70326 109239 33471 121535 33476 43718 135885 342735 342738 121561 193241 207577 49884 172768 191202 78563 281317 289513 293611 293612 293613 293614 172794 180992 60173 29459 295707 113436 109350 64295 207654 150319 150328 45885 187197 293694 35648 150338 54083 295747 289606 234313 193354 330569 60237 285518 29522 27477 156501 191318 35672 328536 45915 338781 82783 176992 136035 201572 74600 875 115563 328556 105330 293747 332659 99191 39801 281470 293761 45955 293765 293766 195463 293767 293768 293769 301958 19344 338833 301974 295833 295834 111515 50076 295835 154526 295836 314265 191398 191399 187310 111537 140212 207801 328633 93116 134079 181184 207809 207808 125896 328652 82900 177109 328662 86999 291800 119770 50140 293854 160737 152550 293865 101354 322542 93168 295920 152569 295930 121854 181246 101376 80897 162817 191489 295940 171020 19477 220192 95265 70690 101410 66596 185379 269347 74793 3114 201772 115757 183341 105523 33845 291894 291893 207928 39993 291895 44091 126013 203839 341063 298056 236634 332898 74856 81000 115817 105584 269424 81011 185461 162934 40057 81020 269439 113793 81030 310409 81040 70803 87192 109720 81050 46235 191641 175263 3234 199844 269486 292018 60596 328885 150710 29881 138428 306371 206021 292041 87249 95458 292068 99563 275694 177393 292082 292081 292083 167162 124161 21763 124165 187654 38154 306443 177421 324877 191765 169238 193816 83227 187676 95521 306468 300325 91430 60711 290092 29997 138542 9520 83250 161085 187711 50498 316740 238917 126279 130383 292175 27985 68948 68953 126305 193889 292198 1386 296302 181615 292214 21891 296327 296330 177547 9613 9629 9630 91554 60840 26026 7597 300461 222639 222640 50615 28090 167354 196029 183742 271805 341438 196033 196034 196035 28100 196037 300483 337345 341447 337353 286156 142798 28110 116176 163279 286158 60884 75222 312790 28120 339416 105948 40415 28131 163299 333286 239082 185835 28141 142829 58864 239088 28151 167416 71161 298487 3582 163337 79372 65037 81420 71183 130573 175635 298516 101909 3607 302618 327194 54826 329259 7725 142896 30261 327221 165432 327228 157245 179773 87620 116293 179781 181832 75338 128586 130634 288330 259662 30289 40532 3669 106068 91735 179797 183900 278109 288351 91745 7780 179812 194150 194151 194149 206442 91755 179820 91765 179829 48761 124538 48766 73342 179838 206462 206463 61063 79496 83593 179849 190091 95885 196238 179859 179867 274078 196256 179877 188070 134823 196261 161458 87736 335548 284350 120513 315077 65229 69327 24274 274131 274132 274133 274134 50907 75483 229083 79583 116449 194274 222947 229090 229091 229092 229089 79593 55018 108271 171762 194291 32502 194295 50936 241398 157437 95998 173821 194303 194304 194302 194305 306943 294661 194313 65291 93963 128780 114446 73487 304917 104214 38681 34588 44832 182053 55082 294698 202543 202545 274225 155445 157501 300867 229195 304978 145245 94048 167778 59236 229220 145255 135016 28522 229230 145264 169845 229239 229240 229241 302971 85884 182141 300926 110464 120704 315268 75653 294792 194441 286601 294793 294794 40845 294795 294797 94097 106394 94107 151452 75676 63391 40867 94116 182180 194471 135080 94127 171951 106417 116661 130998 194488 94137 94142 75711 194495 120769 194497 94147 194496 280517 194505 229322 331722 40908 344011 331726 100305 229333 167895 34781 294877 45023 90083 26597 229351 172016 229362 49139 294899 290809 88060 294911
155: 154
367: 34821 45063 34826 45067 130591 135725 125488 130613 130617 74811 115773 105540 115782 125510 40010 121418 125516 77 133708 74833 110674 74837 187477 115800 105562 181853 50783 40032 105567 119396 40038 162407 110696 110700 151665 83058 185461 172664 177273 168060 48766 162432 2689 162437 70279 151687 151696 170645 2711 81050 2716 70301 166044 175263 35490 70307 100515 179877 87208 45737 87217 100537 100542 87234 33476 43718 131283 65247 126180 116461 75505 95474 65269 129269 65274 40698 55036 111356 106238 124165 95496 95502 73487 114446 157454 55058 55062 104214 163096 38681 60190 152354 29476 157476 109350 157482 60212 29498 60218 70970 161085 29503 150338 101207 68953 3422 87908 875 366 99191 135033 85884 135055 120722 135061 65943 186787 96168 120744 50093 120749 63922 55735 186809 186815 158145 171969 50115 94147 82376 50121 167369 176588 53710 82385 30162 181202 171991 171996 167391 156129 176610 60900 82404 167397 176616 181224 181228 34799 58864 45041 28151
663: 124165 65035 114446 73487 180990 170645 662 104214 162198 38681 34586 81050 151450 166044 44830 95263 175263 134821 109350 179877 2472 54824 63922 70069 157243 161085 120511 150338 28151 33476 94147 43718 59978 133708 130381 53710 100303 29264 186575 86997 68953 49882 125277 156129 119396 74598 115561 875 99191 58864 105328 110462 171760 82164 129269 185461 39799 167160 176377 85884 48766
3989: 34828 45069 207886 329240 194586 336412 296480 196130 303675 343099 130623 203850 334410 133708 125518 74839 304730 268381 289377 341091 115812 119396 40040 105579 333420 185461 290933 51319 291957 48766 306823 162443 320141 151698 170645 192151 81050 198811 166044 2718 175263 70309 179877 287398 289958 83625 330407 344233 61623 194231 305335 286913 206530 285379 33476 87236 43718 329923 100554 199885 268502 343268 339186 129269 202488 65276 229634 293122 306947 124165 114446 73487 95504 104214 55064 38681 274203 293668 109350 229160 341800 300843 157484 332084 292151 60220 161085 284991 29505 150338 194385 330577 68953 305500 205154 296291 875 336242 99191 85884 340868 202123 341910 135063 300952 328601 290719 327587 332709 205742 120751 63922 117171 229300 188348 186817 94147 288711 50123 293836 53710 294863 286673 203224 295900 171998 110047 156129 339425 299491 82406 167399 176618 191467 183788 181230 205295 58864 222702 302577 28151 229373
7670: 4150
9937: 245764 245765 278536 278537 274442 274449 233496 233497 274457 280605 280606 274465 274473 274480 278594 278595 145482 145489 233555 233556 145497 315485 145505 315492 145513 319594 319595 315500 145520 315508 321654 321655 315516 18560 18561 315523 231558 231559 319652 319653 321713 321714 18619 18620 16573 16574 231616 231617 248052 248053 16631 16632 12562 12569 12577 235816 12585 235817 248110 248111 12593 12600 244025 244032 244040 149834 149835 309579 309578 244048 244056 282972 282973 244063 235875 235876 280945 280946 276856 276863 149892 149893 309638 276871 309637 276879 276887 283032 283031 276893 233894 233895 281003 281004 324044 324045 317914 233952 233953 317921 317929 317937 229874 20980 20981 229881 317945 317952 229889 322053 322054 324103 324104 229897 18959 18960 229905 229912 14891 21039 21040 14898 238137 14906 238138 322111 322112 14914 19017 14922 19018 14929 246372 311909 311908 246379 238195 238196 246387 246395 246403 246410 270987 270986 311967 311968 148150 236215 236216 148157 148165 271046 271045 148173 148181 309977 309978 148188 279262 279269 326376 326377 283370 283371 279277 236273 236274 279285 279293 279300 310035 232212 310036 232219 232227 283428 283429 326436 326435 232235 232243 232250 324443 324444 23392 23393 320370 320377 17277 320385 21379 17284 21380 320393 17292 308108 320401 308115 17300 324501 324502 320408 273307 273308 23451 17308 23452 308123 17315 207779 308131 308139 207790 308146 314294 314295 21437 21438 238535 238536 240590 240591 140241 140242 273366 273367 314353 312306 312307 314354 238593 238594 240650 240651 140300 140301 11280 11281 271385 271386 144416 144417 234531 234538 312364 312365 234546 234554 234562 234569 271443 271444 281688 144475 144476 281695 281703 281711 281719 326776 326775 281726 11400 11401 326833 326834 322760 322767 242901 242902 322775 322783 322791 322798 19695 23792 23791 19702 19710 19718 275723 275724 19726 242960 242961 19733 23849 23850 273706 273707 236852 236859 197954 197955 236867 314693 275782 275783 314694 236875 146767 146768 236883 236890 240990 240991 140640 140641 310624 316770 273764 273765 316769 310631 310639 310647 198013 198014 310655 314752 314751 310662 269703 146826 146827 269710 269718 241048 241049 140698 140699 316828 316827 269726 269734 269741 144820 144821 325094 325101 144878 144879 325109 325117 325125 138760 325132 138767 13846 13847 138775 138783 138791 138798 245307 245308 13906 13907 22108 22115 243300 243301 22123 22131 11892 11893 245366 245367 278138 22139 278139 22146 272023 276122 276123 243358 243359 272030 272038 11950 11951 272046 313009 278196 278197 272054 313016 272061 313024 9928 239305 313032 9936 198353 198354 239312 276180 276181 313040 313047 239320 9945 319195 319196 147166 147167 239328 9953 239336 9962 239343 317168 317167 9970 231159 231160 198411 198412 143126 319255 147224 147225 319254 143133 143141 317225 317226 143149 16174 16175 231218 231219 143157 143164 229203 247653 247654 16233 16234 196482 196497 196505 247712 196513 247713 14246 14247 196520 149435 149436 245706 245707 241616 241623 241631 14304 14305 280546 280547 241639 241647 149494 149495 241654
10872: 10880 2 9989 330 886 9911 9912 10873 10874 10875 10876 10877 10878 10879
30696: 29505 327587 33476 34828 185461 28151
90037: 179877 88618 188462 185461 183385 85884
112028: 124165 162443 114446 151698 170645 135063 166044 336412 175263 179877 109350 157484 120751 117171 188348 161085 130623 150338 133708 125518 171998 110047 156129 119396 167399 176618 183788 129269 185461
140211: 140210 138542
144043: 10880 2 143112 143113 330 144044 144045 143182 144046 144047 144048 144049 886 10873
183485: 186523 180940 179877 185461
183522: 188155 180940 179877 185461
183769: 179877 183788 183404 185461 192151 188155 188348
185051: 186817 180940 179877 185461
185426: 186817 181285 185461 179877
185443: 77 180940 179877 185461
185444: 185461 180940 179877 186159
185674: 185673 185461
186399: 77 185461
186754: 77 185461
186764: 186769 77 185461
186765: 77 185461
186861: 186523 185461
186917: 186906 185461
186918: 186906 185461
187116: 186523 185461
187348: 186873 185461
187705: 77 185461
187801: 77 185461
187930: 77 185461
187939: 77 185461
187943: 77 185461
187946: 77 185461
187950: 77 185461
187952: 77 185461
187956: 77 185461
187958: 77 185461
187960: 77 185461
187963: 77 185461
187973: 77 185461
187977: 77 185461
187981: 77 185461
187984: 77 185461
187988: 77 185461
187994: 77 185461
188010: 186873 185461
188059: 186523 185461
188143: 186523 185461
188160: 186523 185461
188169: 186523 185461
188416: 77 185461
188434: 77 185461
188439: 186523 185461
188491: 77 185461
188496: 77 185461
188498: 77 185461
188506: 186523 185461
188509: 77 185461
189799: 77 185461
189800: 77 185461
189804: 77 185461
189808: 186873 185461
189812: 77 185461
189816: 77 185461
189820: 77 185461
189824: 77 185461
190001: 77 185461
190002: 77 185461
190064: 186873 185461
190189: 77 185461
190218: 186523 185461
190227: 77 185461
190230: 77 185461
190232: 77 185461
190238: 77 185461
190240: 77 185461
190242: 77 185461
190246: 77 185461
190251: 77 185461
190254: 77 185461
190257: 77 185461
190273: 186873 185461
190361: 77 185461
190391: 77 185461
190417: 77 185461
190452: 77 185461
190529: 77 185461
190771: 186873 185461
190917: 186523 185461
190933: 77 185461
190935: 77 185461
190937: 77 185461
190940: 77 185461
190943: 77 185461
190945: 77 185461
190949: 77 185461
190954: 77 185461
190960: 186873 185461
191074: 77 185461
191081: 77 185461
191083: 77 185461
191086: 77 185461
191091: 77 185461
191094: 77 185461
191115: 77 185461
191118: 77 185461
191120: 77 185461
191122: 77 185461
191146: 185461 188462
191157: 186873 185461
191265: 77 185461
191380: 186523 185461
191473: 186873 185461
191523: 77 185461 191524
191667: 77 185461
191670: 77 185461
191675: 77 185461
191676: 77 185461
191682: 77 185461
191696: 186873 185461
191789: 77 185461
191809: 186523 185461
191812: 77 185461
192152: 77 185461
192163: 77 185461
192192: 77 185461
192212: 77 185461
192256: 77 185461
192997: 186873 185461
193007: 77 185461
193013: 77 185461
193015: 77 185461
193017: 77 185461
193025: 77 185461
193042: 77 185461
193044: 77 185461
193108: 186873 185461
193214: 186873 185461
193286: 186523 185461
193375: 186523 185461
194240: 186873 185461
194397: 186873 185461
194404: 77 185461
194406: 77 185461
194408: 77 185461
194410: 77 185461
194412: 77 185461
194414: 77 185461
194416: 77 185461
194418: 77 185461
194420: 77 185461
194422: 77 185461
194598: 186873 185461
196144: 186873 185461
198821: 186873 185461
199599: 186523 185461
199606: 186873 185461
199631: 77 185461
199809: 77 185461
199872: 186873 185461
199880: 186523 185461
200237: 186523 185461
200277: 77 185461
200278: 77 185461
201078: 186873 185461
201410: 77 185461
201547: 186873 185461
201565: 77 185461
201566: 77 185461
201567: 77 185461
201570: 186873 185461
201769: 186873 185461
202427: 186873 185461
202430: 186523 185461
202504: 186523 185461
202524: 77 185461
202525: 77 185461
202531: 186873 185461
202606: 77 185461
202915: 186873 185461
202933: 77 185461
202934: 77 185461
202935: 77 185461
202936: 186873 185461
203660: 186873 185461
203697: 77 185461
203800: 77 185461
203801: 77 185461
203830: 186873 185461
203831: 186523 185461
203866: 186523 185461
204205: 77 185461
204206: 77 185461
204508: 186873 185461
204515: 77 185461
204519: 77 185461
204524: 77 185461
204528: 77 185461
204532: 77 185461
204552: 77 185461
204659: 77 185461
204660: 77 185461
204661: 77 185461
204673: 186523 185461
204679: 186873 185461
204704: 77 185461
204777: 77 185461
204778: 77 185461
204824: 186873 185461
205117: 186523 185461
205136: 186523 185461
205138: 77 185461
205139: 77 185461
205140: 77 185461
205156: 186873 185461
205172: 77 185461
205197: 77 185461
205198: 77 185461
205209: 77 185461
205213: 186873 185461
205307: 186873 185461
205338: 77 185461
205339: 77 185461
205341: 77 185461
205344: 186873 185461
205353: 186873 185461
205391: 77 185461
205392: 77 185461
205405: 186523 185461
206038: 186873 185461
206060: 77 185461
206162: 77 185461
206409: 186873 185461
206430: 77 185461
206431: 77 185461
206435: 77 185461
206436: 77 185461
206438: 186873 185461
206538: 186873 185461
206578: 186523 185461
206579: 77 185461
206580: 77 185461
207209: 186873 185461
207316: 77 185461
207439: 77 185461
207478: 77 185461
207605: 186873 185461
207627: 77 185461
207628: 77 185461
207629: 77 185461
207630: 77 185461
207631: 186873 185461
207644: 186523 185461
207648: 186523 185461
207700: 191048 207699 229236 207779
207779: 2 131131 330 369 131501 131538 131539 131572 131574 131575 131583 131584 131585 131589 131595 131599 131612 131616 131627 886 900 133180 133195 133321 133322 133339 133344 133346 133351 133355 133356 133357 133358 133364 133374 133400 3249 3615 3625 3677 3678 3679 3682 3683 3686 3691 3695 3696 3699 3703 3722 3742 3753 3764 3789 3797 3803 3823 3830 3859 3871 3875 3878 3881 3884 3888 3891 3897 3904 3908 3911 3914 3920 3926 3929 3932 3935 3937 3941 3944 3948 3954 3957 3960 3964 3967 3970 3973 3976 3983 209235 209237 209239 209240 209241 209244 209246 209248 135573 209320 135894 135934 135935 135936 135959 135960 135970 135975 135978 135985 135986 136002 136011 136012 136013 209396 209400 5688 5701 209558 5811 5812 5813 5816 5892 5900 5901 5902 5903 5910 5913 5915 5916 5920 5941 5942 5943 5944 5945 5953 5955 5957 5958 5961 5963 5967 5969 5971 5975 5978 5979 5983 5986 5987 94020 5993 5996 5997 6002 6004 6005 6007 6013 6014 6015 6022 6025 6026 6030 6037 6043 6045 6049 6052 6053 6062 6063 6067 6069 6075 6091 6095 6096 6100 6102 6106 6108 6110 6112 6114 6118 6121 6130 6132 6134 6152 6155 6156 6157 6161 6166 6167 6168 6175 6176 6180 6184 6188 6189 6190 6191 6201 6206 6244 6250 6258 6259 6268 6274 6278 6280 6293 6294 6295 6296 6301 6304 6307 6308 6315 137596 137606 6543 137731 137732 137733 137744 137745 137752 137753 137754 137755 137756 137763 137769 137770 137773 137776 137777 137778 137785 137786 137787 137792 137795 137796 137797 137802 137806 137812 137814 137815 137818 137819 137834 137842 137846 137850 137851 137858 137859 137860 137864 137865 137866 137870 137872 137873 137876 137878 137879 137882 137884 137885 137887 137892 137893 137898 137899 137900 137904 137905 137906 137911 137912 137919 137923 137924 137925 137963 137966 137975 137977 137981 137982 137997 137998 138005 138006 138017 138019 138030 138038 138042 138044 138045 138052 138055 138056 138058 138060 138072 138079 7576 7699 7705 7739 210044 8561 8644 8649 8677 9505 9589 9595 9623 9937 210503 210504 210530 210573 210666 210672 142783 142863 142868 142890 210840 210850 210866 211464 212023 212047 152199 152577 152611 152619 152620 152621 152626 152627 152632 152648 152668 152671 152675 152709 152722 152735 152737 152740 152743 152759 152762 152765 152768 152771 152774 152777 152780 152783 152786 152789 152792 152795 152798 152801 152813 154402 154528 154529 154532 154535 154538 154540 154541 154543 154554 154558 154560 154562 154565 154569 154572 154573 154574 154578 154593 154597 154598 154603 154604 154607 154608 154611 154616 154619 154624 154625 154628 154632 154634 154635 154639 154640 154643 154645 154651 154654 154659 154661 154662 154668 154670 154675 154678 154679 154683 154684 154689 154690 154693 154694 154702 154703 154709 154710 154718 154719 154725 154726 154732 154733 154737 154743 154744 154748 154759 154780 154781 154785 154788 154791 154792 154795 154798 154812 154828 154830 154831 154839 154840 154850 154851 154852 154862 154868 154870 154878 154889 154890 154895 154898 154911 154912 154949 154953 154963 154964 154968 154973 154975 154976 154978 154982 154983 154984 154986 154988 154995 154997 155056 155558 155581 155592 155595 155596 155600 155601 155602 155603 155608 155609 155612 155614 155616 155622 155625 155628 155629 155641 155660 155667 155675 155695 155780 25053 25139 25145 25167 225064 83316 83319 83320 26011 83326 83342 83368 83370 83371 26569 26596 157993 158407 158408 158409 158412 158413 158420 158422 158447 158457 158463 158528 27462 28021 28026 28052 213997 225168 225178 159972 159982 160214 160241 160560 160562 160564 160576 160577 160578 160635 214327 160903 214367 30014 214395 214404 214417 214422 214432 30292 30339 30340 30342 30349 30350 30351 30352 30353 30364 30365 30366 30369 30370 30377 214452 30392 30396 30398 30400 30408 30411 30413 30415 30423 30433 30438 30451 31975 31985 32072 32073 32075 32128 32129 32131 32139 32141 32144 32148 32149 32154 32157 32165 32169 32171 32174 32177 32184 32185 32187 32192 32193 32195 32202 32219 32220 32221 32222 163302 32231 32232 32250 163348 163349 163350 163352 163354 163359 163360 32289 163362 163361 32288 32302 32304 163377 163378 32305 32307 32306 32313 32315 163388 32318 32321 163395 163397 32325 163401 32329 32331 32333 32335 32337 32338 32341 32343 32345 32347 32349 32351 32352 32358 32361 32363 163463 32729 32738 32874 32897 32919 32920 32922 32923 32924 32964 32965 32966 32972 32976 32983 32989 32990 32991 32993 32997 32998 32999 33005 33006 33007 33011 33019 33021 33022 33023 33029 33031 33033 33035 33041 33047 33054 33058 33062 33067 33069 33073 33075 33077 33079 33081 33101 33115 33122 33138 33141 33142 33149 33156 33159 33166 33168 33177 33178 33181 33195 33204 33208 33213 33214 33219 33225 33229 33230 33242 33247 33267 33269 33273 33404 164884 164897 165170 165209 165479 165480 165487 165488 165494 165495 165496 165497 165498 165505 165513 165562 165849 85134 85150 35336 85187 85221 35677 35704 35705 35707 35709 35711 35718 35726 35727 35728 35729 35735 35739 35741 35746 35748 35750 35753 35755 35759 35783 35784 35812 35813 35814 35848 35852 35856 35859 35862 35866 35869 85284 35872 35875 35878 85286 35881 35884 35886 35889 35896 85291 85308 85337 85428 85453 167898 227456 168259 168261 168262 168263 168269 168270 168271 168310 168311 168314 168330 37450 37464 37543 37544 37547 37550 37552 37571 37572 37573 37584 37585 37586 37592 37593 37597 37599 37603 37611 37616 37617 37619 37622 37624 37627 37632 37635 37638 37640 37644 37653 37655 37658 37660 37662 37663 37666 37667 37670 37671 37673 37674 37676 37677 37679 37680 37683 37684 37711 37712 37714 37715 37765 37767 37768 37771 37778 37790 37791 37794 37795 227464 169225 38161 38162 169240 38194 38199 38200 38201 38202 38204 38213 38214 38217 38220 38226 38230 38235 38239 38246 38267 38271 38275 38276 227465 38279 38281 38282 38288 38289 38292 38298 38299 38302 38308 38310 38318 38321 38324 38369 169519 169576 169577 169578 169585 169586 169587 169595 169596 169597 169598 169599 169608 169613 169637 169646 169654 169658 169664 169672 169676 169684 169691 169708 169713 169717 169721 169724 169728 169731 169735 169738 169743 169747 169755 169758 169761 169764 169776 170056 170057 170059 170071 170073 170095 170096 170111 170113 170116 170117 170118 170119 170120 170130 170134 170136 170137 170138 170139 170147 170149 170151 170161 170170 170172 170174 170176 170178 170181 170204 170209 170210 170215 170217 170218 227472 170239 216198 170247 170248 170250 216205 216206 216208 216209 170346 216221 216222 216223 216231 216239 216241 216244 216248 216249 216251 216256 216263 216265 216266 216268 216269 216273 216289 216290 216301 216302 216303 216313 216315 216318 216320 216322 216325 216326 216330 216332 216333 216337 216351 216357 216363 216364 216367 216385 216398 216400 216408 216434 216437 216445 216447 216450 216451 216452 216455 216456 216459 216461 216471 40545 216476 216484 216491 216499 216501 216502 216510 216511 216516 216526 216528 216529 216536 40875 216537 216538 40885 216541 216542 40912 40913 216544 40915 40916 40917 40922 40927 40930 40931 216548 40934 40941 216552 40954 40958 216555 40969 40971 40981 40987 40991 40997 41005 41016 227487 41033 41049 41059 41069 41074 41078 41085 41088 41092 41095 41099 41102 41105 41108 41113 41116 41121 41124 41127 41133 41136 41139 41142 41145 41148 41151 41157 41160 41166 41170 41173 41176 227488 216604 216606 172511 216704 216706 172801 172836 172838 172839 172850 172851 172861 172862 172889 172903 173808 173823 42760 42774 42913 42914 42915 42916 42917 42937 42938 42939 42940 42941 42949 42950 42951 42954 42957 42958 42974 42975 42976 42977 42982 42984 174057 42990 42997 43003 43004 43007 43009 43010 43013 174086 43014 174087 43017 174091 174092 174093 43022 174095 174096 174094 43020 43028 43029 43034 174106 174108 43038 43039 174113 43043 174118 174121 43050 43054 174126 43057 43061 174137 43066 43071 43072 174147 43077 43078 174151 174155 43084 174159 43088 43091 43092 43094 174166 43099 174173 43101 43103 43104 43107 43108 174182 43112 174187 43116 43117 43120 43121 174194 43124 43126 43127 43128 174198 174201 174204 43134 43135 174208 43140 174212 43141 43143 43145 174218 43148 174221 43150 43151 43154 43155 174229 43158 174235 174238 174241 43171 174244 43172 174247 174258 43187 43188 43190 43197 43198 43199 43200 43201 43212 43243 43258 43266 43270 43271 43280 43283 43287 43288 43292 43294 43295 43296 43297 43298 43300 227505 43306 43311 43551 174638 174639 174640 174657 174658 174659 174660 174672 174674 174676 174677 174678 174682 174685 174689 174690 174691 174692 174695 174701 174704 174705 174707 174710 174712 174714 174716 174718 174720 174724 174726 174730 174735 174742 174743 174744 174745 174747 174748 174752 174758 174761 174762 174766 174774 174775 174794 174796 174797 174882 227516 217352 217354 217372 217381 217400 45582 45923 45934 45959 45960 45963 45964 45965 45966 45967 45973 45974 45979 45982 45984 45998 46019 46021 46027 46031 177117 46053 46069 227527 46111 46117 46122 46125 46132 46135 46138 46141 46145 46148 46151 46164 46169 46172 46175 46182 46185 46188 46191 46194 46197 46200 46203 46207 46210 46213 46216 46219 46222 177424 177462 177463 177464 177465 177477 177478 177479 177485 177486 177500 177532 227531 178424 178439 178673 178736 178737 178738 178742 178743 178744 178745 178746 178747 178758 178760 178766 178776 178786 178801 178803 178807 178811 178819 178826 178833 178847 178852 178857 178866 178869 178872 178877 178880 178883 47814 178886 178889 178892 178897 227541 47828 47980 47981 47982 47983 47985 48005 48006 48007 48008 48012 48015 48021 48022 48028 48032 48033 48034 48035 48043 48046 48051 48055 48064 48065 48066 48076 179153 48081 48083 179155 48085 48088 48092 48096 48099 48102 48104 48107 48108 48114 179189 179190 179191 48118 48119 179195 48123 179197 179203 179204 48131 48133 179208 48137 179210 179211 179214 48142 179216 179215 48146 179220 48149 48150 179221 179224 179225 48153 179228 179229 48162 48163 179236 48165 179238 48167 179241 48171 179245 179249 48178 179251 48179 48180 179252 179259 179260 179261 48187 48188 179265 48194 179267 48197 48198 48199 179277 179279 179281 48212 48213 179287 48216 48215 48225 48226 48227 48231 179303 48232 179306 179304 48236 48237 48238 48248 48249 48250 48251 48256 48258 48262 48265 48266 48269 48272 48273 48274 87751 48311 48314 48320 48321 48323 48324 179404 48334 48341 48348 48350 48354 48357 48358 48365 48368 48371 48372 48593 227559 88122 88184 50626 88235 88247 88263 88270 88276 50944 88285 227566 50989 50990 50991 88291 51014 51019 51030 51035 51044 51045 88300 51063 182144 51075 51076 51077 51078 88312 182183 182185 182186 182187 182188 88315 182199 182200 182201 182202 182203 182207 182210 182263 182265 182267 88330 182269 182275 182283 182289 182308 182324 182333 182335 182337 182339 182346 182358 182361 182364 182368 182371 182374 182379 182384 182395 182401 182404 182408 182411 182414 182420 182423 182426 182429 182432 182435 182438 182441 182444 182447 182450 182454 182457 182464 182467 182470 182473 182476 182479 182482 182488 182491 182494 182497 182500 182503 182506 182511 182514 182517 182520 182523 182526 182529 182532 182535 182550 182560 182563 182566 182569 182572 182575 182580 182584 182588 182597 182604 182608 182611 182614 182617 182620 182623 182626 182630 182633 182690 52623 52634 52782 52783 52784 52837 52838 227581 52861 52862 52877 52881 52882 52883 52884 52885 52892 52896 52897 52898 52903 52904 52905 52913 52914 52915 52923 52926 52929 52933 52934 52937 52938 52940 52952 52960 52961 52969 52970 52973 52975 52978 52980 52982 52984 52985 52986 52990 52991 52993 52996 52998 52999 53000 53004 53005 53006 53010 53011 53012 53017 53019 53020 53023 53025 53026 53028 53034 53056 53062 53064 53115 53124 53125 53128 53129 53130 53137 53164 53165 53166 53174 53175 53184 53186 53187 53189 53205 53210 53213 53216 53219 53222 53229 53231 53233 53241 53242 53248 53250 53253 53259 53262 53266 184657 184670 184794 184795 184811 184812 184821 184822 184823 184824 184825 184826 184836 184837 184838 184842 184843 184845 184848 184850 184852 184855 184856 184858 184859 184864 184865 184873 184881 184886 184892 184896 184903 184907 184910 184913 184914 184917 184918 184921 184923 185163 185175 185179 185180 185181 185185 185188 185191 185193 185217 185228 185322 185325 185351 185389 219241 219251 219282 219306 219314 227597 219329 219336 219342 219343 219348 219358 219360 219363 55580 55918 55946 55947 55949 55951 55952 55966 55967 55968 55977 55978 55981 55982 55986 55991 55996 55997 56000 56021 56028 56030 56031 56038 56047 56059 56063 56067 56070 56073 56076 56079 56082 56088 56091 56094 56097 56100 56103 56110 187325 187679 187722 187723 187724 187727 187729 187734 187735 187736 187737 187738 187749 187756 187769 187774 187776 187778 187840 219777 219780 219783 219797 219798 219799 219812 219813 219817 57672 57686 57789 57790 57791 57793 57797 57798 57799 57800 57801 57802 57803 57809 57810 57811 57812 57819 57820 57823 57824 57827 57833 57837 57838 57841 57843 57845 57850 57851 57852 57856 57860 57863 57865 57867 57868 57870 57873 57875 57877 57878 57879 57882 57883 57885 57887 57889 57902 57903 57907 57910 57924 57926 57927 57936 57941 57952 57954 57966 57967 57970 57979 57980 57985 57987 57989 57990 57997 58350 58353 58365 58368 58369 58371 58372 58380 58382 58383 58386 58387 58390 58392 58394 58413 58415 58416 58423 58426 58428 58430 58432 58441 58445 58446 58449 58450 58461 58463 58472 58474 58476 58478 58521 189765 189981 189982 189994 190268 89923 190347 190348 190349 190350 190351 190352 190363 190364 190365 190366 190367 190373 190379 190382 190386 190389 190393 190397 190401 190405 190407 190410 190412 190414 190416 190420 190422 190424 190426 190428 190435 190436 190445 190455 190457 190461 190473 190478 190480 190484 190489 190492 190494 190496 190498 190500 190505 190507 190510 190512 190515 190518 190520 190526 190528 190532 190534 190536 190539 190542 190547 190549 190552 190597 190600 190601 190602 190603 190613 190615 190627 190628 190629 190630 190631 190639 190647 190650 190659 190662 190675 190678 190681 190684 190685 190691 190694 190696 190701 190704 190705 190709 190716 190720 190740 190968 190979 190984 190986 190991 191002 191006 191009 191016 191031 191036 90104 90105 191401 191403 191406 191407 191423 191424 191431 191448 191457 191460 90160 90162 90172 90173 90194 90196 90208 90212 191784 60727 90225 90253 90259 90273 61071 90302 61122 61123 61124 61125 61126 61132 61137 61139 61141 61145 61146 61162 61177 90317 61193 61206 90326 61240 90330 61258 61265 61267 61270 61276 61281 61284 61288 61291 61294 90338 61300 61303 61306 61309 61312 61315 61318 61320 61324 61327 90344 61330 61337 61347 90377 90409 90444 192982 193003 193117 193118 193119 193120 193122 193126 193130 193132 193142 193150 193154 193158 193164 193167 193177 193180 193183 90510 90516 90554 90564 90571 90589 90596 90624 90657 62929 62939 194153 194155 194157 194158 194161 194162 194168 194169 194174 194181 194185 194192 194195 194203 194206 194209 194217 194220 194223 63224 194316 63245 194324 63252 63257 194336 194347 194351 63281 63282 63283 63284 63286 194361 194363 63294 63295 63298 194371 194373 63301 63304 194377 63309 63311 63315 63317 63323 63331 63335 63340 63342 63351 63357 63359 221009 194501 194504 194508 194509 194510 194513 194514 194515 194517 194520 194523 194528 194529 194537 194542 194550 194557 194559 194564 194573 194575 63579 63586 63610 63611 63612 63613 63619 63620 63621 63627 63628 63631 63632 63633 63640 63648 63684 63685 63687 63688 63694 63701 63705 63708 63709 63714 221136 221139 221156 221171 221194 195448 221211 221226 221231 221239 221243 221246 221248 221266 221269 221280 221281 91029 221292 221300 221301 221309 221313 221318 196007 196012 221320 221324 196043 196044 196048 196049 196050 221328 196054 196055 196057 196060 196063 221331 196072 196076 221333 196080 196087 196091 196099 196101 196103 196107 196110 196119 196121 221344 196157 221350 221351 221356 221368 221373 221377 221379 221386 221387 221396 221402 221408 221411 221421 221431 221468 65778 96397 221499 221512 221514 221515 96403 221520 221525 221526 221535 221536 221539 221540 66119 66131 66156 66157 66158 66159 66160 66161 66164 66168 66171 66174 66178 66182 66190 66196 66217 66221 221575 66225 66233 66240 66270 221588 66302 66317 66323 66326 66333 66336 66339 66342 66345 66348 66354 66357 66359 66362 66366 66372 66375 66378 66382 66385 66388 66393 66396 66399 66402 66405 221611 66408 221612 66411 66414 221613 66420 221614 221615 221616 221627 221629 221638 221639 221646 221647 221649 221667 221668 221670 221673 221675 221690 221700 221702 91454 221715 96445 221735 221736 221737 198731 198732 198739 198740 198742 198743 198745 198749 198751 198764 198765 198774 198778 198789 198790 198792 198801 198808 68036 68049 68157 68158 68159 68160 68164 68188 68189 68190 68191 68192 68200 68204 68205 68208 68209 68216 68235 68236 68237 68238 68243 68245 68247 68249 68251 68252 68256 68258 68268 68272 68273 68280 68289 68290 68291 68292 68294 68296 68311 68316 68317 68320 68324 68325 68328 68331 68337 68341 68342 68345 68347 68349 68350 68351 68355 68357 68359 68361 68362 68367 68369 68371 68375 68377 68379 68380 68381 68386 68391 68392 68395 68396 68398 68401 68403 68405 68406 68409 68413 68414 68415 68423 68424 68425 68426 68427 68435 68439 68442 68510 68515 68521 68522 199603 68533 68536 68540 68546 68547 68548 68549 199624 68555 199629 68560 68561 199634 199635 199636 199639 68568 199643 199646 199647 199651 199652 199653 199658 199661 199662 199663 199671 199673 199674 199677 199681 199684 199685 199689 199691 199697 199700 199701 199711 199719 199720 199722 199727 199729 199731 199743 199744 199745 199746 199754 199759 199760 199763 199764 199767 199768 199771 199775 199776 199779 199780 199783 199785 199801 199806 68797 201064 201073 201109 201110 201111 201115 201116 201135 201136 201137 201138 201146 201147 201150 201151 201152 201153 201176 201177 201178 201185 201186 201187 201192 201195 201200 201202 201203 201204 201205 201211 201218 201219 201220 201221 201230 201235 201237 201240 201246 201268 201270 201271 201276 201277 201287 201291 201292 201295 201300 201302 201304 201305 201306 201312 201314 201316 201317 201324 201335 201336 201341 201343 201348 201351 201360 201372 201373 201374 201375 201376 201387 201390 201392 201394 201398 201439 201442 201446 201447 201449 201450 201463 201479 201483 201485 201486 201487 201496 201500 70819 202144 202196 202203 202207 202208 202209 202212 202216 202219 202222 202225 202227 202228 202229 202236 202241 202242 202249 202250 202254 202255 202256 202258 202259 71187 202264 202268 202269 202271 202279 202280 202281 202282 202292 202294 202295 202298 202300 202301 71235 71236 71237 202309 202311 202313 202314 71245 202317 202319 202321 202323 202325 202327 202329 202331 202332 202337 202338 202341 71273 71277 71278 71281 202359 202360 71294 71295 71296 71304 71308 71309 202398 71337 202409 71349 202510 202528 202556 202558 202560 202561 202563 202564 202569 202570 202573 202575 202576 202579 202580 202582 202585 202588 202593 202594 202599 202600 202604 202608 202609 202613 202614 202622 202625 202629 202634 202635 202636 202641 202644 202645 202646 202647 202648 202656 202657 202660 202661 202664 202665 202667 202669 202677 202679 202683 202697 202701 202705 202706 202711 202713 202722 202723 202724 202727 202737 202740 202748 202773 202774 202775 202776 202782 202783 202785 202790 202792 202795 202798 202801 202803 202805 202806 202811 202813 202815 202816 202825 202826 202837 202839 202841 96635 202864 202869 202873 202876 202880 202882 202884 202885 202890 203149 203150 203151 203157 203161 203163 203167 203173 203176 203180 203187 203200 203210 203214 203217 96650 203688 203691 203692 203699 203702 203707 203709 203711 203716 203720 203721 203722 203724 203725 203736 203741 203746 203748 203752 203753 203754 203755 203756 203762 203765 203768 203771 203773 203775 203777 203779 203781 203783 203787 203789 203791 203818 72917 72929 73086 73087 73099 73101 73112 73114 73119 73124 73125 73126 73127 73134 73143 73174 204487 204497 204541 204543 204545 204550 204555 204557 204558 204559 204560 204561 204569 204576 204577 204578 204583 204588 204590 204594 204600 204684 204685 204686 204697 204698 204705 204710 204715 204717 204728 204730 204735 204736 204740 204741 204744 204750 204753 205176 205223 205225 205226 205227 205234 205237 205239 205242 205244 205246 205255 205259 205262 205264 205267 205270 205272 205282 205292 206024 206033 206043 206046 206047 206049 206052 206053 206054 206055 206061 206072 206079 206081 206083 206084 206085 206091 206095 206098 206101 206103 206105 206106 206110 206112 206113 206117 206118 206119 206132 206135 206138 206141 206149 206152 206153 206158 206165 206169 206172 206173 206177 206179 206181 206184 206187 206190 206191 206200 206208 206231 206232 206239 206240 206247 206248 206253 206255 206261 206265 206266 206267 206268 206269 206270 206274 206275 206281 206282 206283 206284 93104 206292 206294 206295 206296 206300 206302 206304 206309 206310 206315 206317 206319 206321 206338 206339 206354 206357 206360 206361 206364 206365 206369 206387 75345 206467 206468 206494 206497 206500 206504 206506 206515 206518 206521 206527 75684 75691 75717 75718 75719 75720 75721 75723 75732 75733 75734 75742 75744 75754 75756 75757 75758 75774 75782 75791 75799 75808 75829 75833 75861 75874 75880 75883 75887 75890 75894 75896 75900 75904 75908 75911 75914 75917 75920 75923 75926 75929 75933 75936 75939 75942 75945 75948 75951 75954 75957 75960 75963 75966 75969 75972 75978 207194 207204 207215 207220 207221 207225 207226 207228 207230 207233 207237 207240 207244 207245 207246 207247 207249 207253 207254 207257 207258 207261 207262 207265 207266 207270 207273 207277 207280 207282 207283 207286 207288 207290 207293 207296 207299 207300 207304 207306 207307 207308 207309 207314 207317 207318 207322 207323 207326 207328 207329 207332 207335 207338 207340 207342 207347 207348 207357 207358 207359 207374 207384 207386 207388 207412 207442 207444 207446 207458 207462 207463 207466 207468 207469 207480 207484 207488 207493 207502 207505 207510 207515 207524 207527 207536 207539 207700 207780 207781 207782 207783 207784 207785 207786 207787 207788 207789 207790 207791 207792 207793 207794 207795 207796 207797 207812 207813 207814 207815 207816 207817 207819 207825 207834 207842 207846 207850 207853 207856 207860 207863 207871 207873 207876 207877 207883 207942 207943 207944 207945 207946 207947 207948 207949 207950 207951 207952 207953 207954 207955 207956 207957 207958 207959 207960 207961 207962 207963 207964 207965 207966 207967 207968 207969 207970 207971 207972 207973 207974 207975 207976 207977 207978 207979 207980 207981 207982 207983 207984 207985 207986 207987 207988 207989 207990 207991 207992 207993 207994 207995 207996 207997 207998 207999 208000 208001 208002 208003 208004 208005 208006 208007 208008 208009 208010 208011 208012 208013 208014 208015 208016 208017 208018 208019 208020 208021 208022 208023 208024 208025 208026 208027 208028 208029 208030 208031 208032 208033 208034 208035 208036 208037 208038 208039 208040 208041 208042 208043 208044 208045 208046 208047 208048 208049 208050 208051 208052 208053 208054 208055 208056 208057 208058 208059 208060 208061 208062 208063 208064 208065 208066 208067 208068 208069 208070 208071 208072 208073 208074 208075 208076 208077 208078 208079 208080 208081 208082 208083 208084 208085 208086 208087 208088 208089 208090 208091 208092 208093 208094 208095 208096 208097 208098 208099 208100 208101 208102 208103 208104 208105 208106 208107 208108 208109 208110 208111 208112 208113 208114 208115 208116 208117 208118 208119 208120 208121 208122 208123 208124 208125 208126 208127 208128 208129 208130 208131 208132 208133 208134 208135 208136 208137 208138 208139 208140 208141 208142 208143 208144 208145 208146 208147 208148 208149 208150 208151 208152 208153 208154 208155 208156 208157 208158 208159 208160 208161 208162 208163 208164 208165 208166 208167 208168 208169 208170 208171 208172 208173 208174 208175 208176 208177 208178 208179 208180 208181 208182 208183 208184 208185 208186 208187 208188 208189 208190 208191 208192 208193 208194 208195 208196 208197 208198 208199 208200 208201 208202 208203 208204 208205 208206 208207 208208 208209 208210 208211 208212 208213 208214 208215 208216 208217 208218 208219 208220 208221 208222 208223 208224 208225 208226 208227 208228 208229 208230 208231 208232 208233 208234 208235 208236 208237 208238 208239 208240 208241 208242 208243 208244 208245 208246 208247 208248 208249 208250 208251 208252 208253 208254 208255 208256 208257 208258 208259 208260 208261 208262 208263 208264 208265 208266 208267 208268 208269 208270 208271 208272 208273 208274 208275 208276 208277 208278 208279 208280 208281 208282 208283 208284 208285 208286 208287 208288 208289 208290 208291 208292 208293 208294 208295 208296 208297 208298 208299 208300 208301 208302 208303 208304 208305 208306 208307 208308 208309 208310 208311 208312 208313 208314 208315 208316 208317 208318 208319 208320 208321 208322 208323 208324 208325 208326 208327 208328 208329 208330 208331 208332 208333 208334 208335 208336 208337 208338 208339 208340 208341 208342 208343 208344 208345 208346 208347 208348 208349 208350 208351 208352 208353 208354 208355 208356 208357 208358 208359 208360 208361 208362 208363 208364 208365 208366 208367 208368 208369 208370 208371 208372 208373 208374 208375 208376 208377 208378 208379 208380 208381 208382 208383 208384 208385 208386 208387 208388 208389 208390 208391 208392 208393 208394 208395 208396 208397 208398 208399 208400 208401 208402 208403 208404 208405 208406 208407 208408 208409 208410 208411 208412 208413 208414 208415 208416 208417 208418 208419 208420 208421 208422 208423 208424 208425 208426 208427 208428 208429 208430 208431 208432 208433 208434 208435 208436 208437 208438 208439 208440 208441 208442 208443 208444 208445 208446 208447 208448 208449 208450 208451 208452 208453 208454 208455 208456 208457 208458 208459 208460 208461 208462 208463 208464 208465 208466 208467 208468 208469 208470 208471 208472 208473 208474 208475 208476 208477 208478 208479 208480 208481 208482 208483 208484 208485 208486 208487 208488 208489 208490 208491 208492 208493 208494 208495 208496 208497 208498 208499 208500 208501 208502 208503 208504 208505 208506 208507 208508 208509 208510 208511 208512 208513 208514 208515 208516 208517 208518 208519 208520 208521 208522 208523 208524 208525 208526 208527 208528 208529 208530 208531 208532 208533 208534 208535 208536 208537 208538 208539 208540 208541 208542 208543 208544 208545 208546 208547 208548 208549 208550 208551 208552 208553 208554 208555 208556 208557 208558 208559 208560 208561 208562 208563 208564 208565 208566 208567 208568 208569 208570 208571 208572 208573 208574 208575 208576 208577 208578 208579 208580 208581 208582 208583 208584 208585 208586 208587 208588 208589 208590 208591 208592 208593 208594 208595 208596 208597 208598 208599 208600 208601 208602 208603 208604 208605 208606 208607 208608 208609 208610 208611 208612 208613 208614 208615 208616 208617 208618 208619 208620 208621 208622 208623 208624 208625 208626 208627 208628 208629 208630 208631 208632 208633 208634 208635 208636 208637 208638 208639 208640 208641 208642 208643 208644 208645 208646 208647 208648 208649 208650 208651 208652 208653 208654 208655 208656 208657 208658 208659 208660 208661 208662 208663 208664 208665 208666 208667 208668 208669 208670 208671 208672 208673 208674 208675 208676 208677 208678 208679 208680 208681 208682 208683 208684 208685 208686 208687 208688 208689 208690 208691 208692 208693 208694 208695 208696 208697 208698 208699 208700 208701 208702 208703 208704 208705 208706 208707 208708 208709 208710 208711 208712 208713 208714 208715 208716 208717 208718 208719 208720 208721 208722 208723 208724 208725 208726 208727 208728 208729 208730 208731 208732 208733 208734 208735 208736 208737 208738 208739 208740 208741 208742 208743 208744 208745 208746 208747 208748 208749 208750 208751 208752 208753 208754 208755 208756 208757 208758 208759 208760 208761 208762 208763 208764 208765 208766 208767 208768 208769 208770 208771 208772 208773 208774 208775 208776 208777 208778 208779 208780 208781 208782 208783 208784 208785 208786 208787 208788 208789 208790 208791 208792 208793 208794 208795 208796 208797 208798 208799 208800 208801 208802 208803 208804 208805 208806 208807 208808 208809 208810 208811 208812 208813 208814 208815 208816 208817 208818 208819 208820 208821 208822 208823 208824 208825 208826 208827 208828 208829 208830 208831 208832 208833 208834 208835 208836 208837 208838 208839 208840 208841 208842 208843 208844 208845 208846 208847 208848 208849 208850 208851 208852 208853 208854 208855 208856 208857 208858 208859 208860 208861 208862 208863 208864 208865 208866 208867 208868 208869 208870 208871 208872 208873 208874 208875 208876 208877 208878 208879 208880 208881 208882 208883 208884 208885 208886 208887 208888 208889 208890 208891 208892 208893 208894 208895 208896 208897 208898 208899 208900 208901 208902 208903 208904 208905 208906 208907 208908 208909 208910 208911 208912 208913 208914 208915 208916 208917 208918 208919 208920 208921 208922 208923 208924 208925 208926 208927 208928 208929 208930 208931 208932 208933 208934 208935 208936 208937 208938 208939 208940 208941 208942 208943 208944 208945 208946 208947 208948 208949 208950 208951 208952 208953 208954 208955 208956 208957 208958 208959 208960 77889 208961 208962 208963 208964 208965 208966 208968 208969 208970 208971 208972 208973 208974 208975 208967 208977 208978 208979 208980 208976 208982 208983 208984 208985 208981 208987 208988 208986 208990 208991 208989 208993 208994 208992 208996 208995 208998 208999 208997 209000 209001 209002 209003 209004 209005 209006 209007 209008 209009 209010 209011 209012 209013 209014 209015 209016 209017 209018 209019 209020 209021 209022 209023 209024 209025 209026 209027 209028 209029 209030 209031 209032 209033 209034 209035 209036 209037 209038 209039 209040 209041 209042 209043 209044 209045 209046 209047 77976 209049 209050 209051 209052 209053 209048 209054 209055 209056 209057 209058 77988 209059 209060 209061 209062 209063 209064 209065 209066 209067 209068 209069 209070 209071 209072 209073 209074 209075 209076 209077 209078 78009 209079 209080 209081 209082 209083 209084 209085 78017 209086 209087 209088 209089 209090 209091 209092 209093 209094 209095 209096 209097 209098 209099 209100 209101 209102 209103 209104 209105 209106 209107 209108 209109 209110 209111 209112 209113 209114 209115 209116 209117 209118 209119 209120 209121 209122 209123 209124 209125 78058 209126 209127 209128 209129 209130 209131 209132 209133 209134 209135 209136 209137 209138 209139 209140 209141 209142 209143 209144 209145 209146 209147 209148 209149 209150 209151 209152 209153 209154 209155 209156 209157 209158 209159 209160 209161 209162 209163 209164 209165 209166 209167 209168 209169 209170 209171 209172 209173 209174 209175 209176 209177 209178 209179 209180 209181 209182 209183 209184 209185 209186 209187 209188 209189 209190 209191 209192 209193 209194 209195 209196 209197 209198 209199 209200 209201 209202 209203 209204 209205 209206 209207 209208 209209 209210 209211 209212 209213 209214 209215 209216 209217 209218 209219 209220 209221 209222 209223 209224 209225 209226 209227 209228 78163 209229 209230 209231 78167 78166 209232 209233 209234 78172 209236 78170 209238 78176 78177 78178 209242 209243 78181 209245 78183 209247 78185 209249 209250 209251 209252 209253 209254 209255 209256 209257 209258 209259 209260 209261 209262 209263 209264 209265 209266 209267 209268 209269 209270 209271 209272 209273 209274 209275 209276 209277 209278 209279 209280 209281 209282 209283 209284 209285 209286 209287 209288 209289 209290 209291 209292 209293 209294 209295 209296 209297 209298 209299 209300 209301 209302 209303 209304 209305 209306 209307 209308 209309 209310 209311 209312 209313 209314 209315 209316 209317 209318 209319 209329 209321 209322 209323 209324 209325 209326 209327 209328 209330 209331 209332 209333 209334 209335 209336 209337 209338 209339 209340 209341 209342 209343 209344 209345 209346 209347 209348 209349 209350 209351 209352 209361 209353 209354 209355 209356 209357 209358 209359 209360 209362 209363 209364 209365 209366 209367 209368 209369 209370 209379 209371 209372 209373 209374 209375 209376 209377 209378 209380 209381 209382 209383 209384 209385 209386 209387 209388 209389 209390 209391 209392 209393 209402 209394 209395 209405 209397 209398 209399 209409 209401 209403 209404 209406 209407 209408 209410 209411 209412 209413 209414 209415 209416 209423 209417 209418 209419 209420 209421 209422 209424 209425 209426 209427 209428 209429 209430 209431 209432 209433 209434 209435 209436 209437 209438 209439 209440 209441 209442 209443 209444 209445 78380 209446 209447 209448 209449 209450 209451 209452 209453 209454 209455 209456 209457 209458 209459 209460 209461 209462 209463 209464 209465 209466 209467 209468 209469 209470 209471 209472 209473 209474 209475 209476 209477 209478 209479 209480 209481 209482 209483 209484 209485 209486 209487 209488 209489 209490 209491 209492 209493 209494 209495 209496 209497 209498 209499 209500 209501 209502 209503 209504 209505 209506 209507 209508 209509 209510 209511 209512 209513 209514 209515 209516 209517 209518 209519 209520 209521 209522 209523 209524 209525 209526 209527 209528 209529 209530 209531 209532 209533 209534 209535 209536 209537 209538 209539 209540 209541 209542 209543 209544 209545 209546 209547 209548 209549 209550 209551 209552 209553 209554 209555 209563 209556 209557 209559 209560 209561 209562 209564 209565 209566 209567 209568 209569 209570 209571 209572 209573 209574 209575 209576 209577 209578 209579 209580 209581 209582 209583 209584 209585 209586 209587 209588 209589 209590 209591 209592 209593 209594 209595 209596 209597 209598 209599 209600 209601 209602 209603 209604 209605 209606 209607 209608 209609 209610 209611 209612 209613 209614 209615 209616 209617 209618 209619 209620 209621 209622 209623 209624 209625 209626 209627 209628 209629 209630 209631 209632 209633 209634 209635 209636 209637 209638 209639 209640 209641 209642 209643 209644 209645 209646 209647 209648 209649 209650 209651 209652 209653 209654 209655 209656 209657 209658 209659 209660 209661 209662 209663 209664 209665 209666 209667 209668 209669 209670 209671 209672 209673 209674 209675 209676 209677 209678 209679 209680 209681 209682 209683 209684 209685 209686 209687 209688 209689 209690 209691 209692 209693 209694 209695 209696 209697 209698 209699 209700 209701 209702 209703 209704 209705 209706 209707 209708 209709 209710 209711 209712 209713 209714 209715 209716 209717 209718 209719 209720 209721 209722 209723 209724 209725 209726 209727 209728 209729 209730 209731 209732 209733 209734 209735 209736 209737 209738 209739 209740 209741 209742 209743 209744 209745 209746 209747 209748 209749 209750 209751 209752 209753 209754 209755 209756 209757 209758 209759 209760 209761 209762 209763 209764 209765 209766 209767 209768 209769 209770 209771 209772 209773 209774 209775 209776 209777 209778 209779 209780 209781 209782 209783 209784 209785 209786 209787 209788 209789 209790 209791 209792 209793 209794 209795 209796 209797 209798 209799 209800 209801 209802 209803 209804 209805 209806 209807 209808 209809 209810 209811 209812 209813 209814 209815 209816 209817 209818 209819 209820 209821 209822 209823 209824 209825 209826 209827 209828 209829 209830 209831 209832 209833 209834 209835 209836 209837 209838 209839 209840 209841 209842 209843 209844 209845 209846 209847 209848 209849 209850 209851 209852 209853 209854 209855 209856 209857 209858 209859 209860 209861 209862 209863 209864 209865 209866 209867 209868 209875 209869 209870 209871 209872 209873 209874 209876 209877 209884 209878 209879 209880 209881 209882 209883 209885 209886 209887 209888 209889 209890 209891 209892 209893 209900 209901 209894 209895 209896 209897 209898 209899 209902 209903 209904 209905 209906 209907 209908 209909 209910 209911 209912 209913 209920 209914 209915 209916 209917 209918 209926 209919 209921 209922 209923 209924 209925 209927 209928 209929 209930 209931 209932 209933 209934 209935 209936 209937 209938 209939 209940 209941 209942 209943 209944 209945 209946 209947 209948 209949 209950 209951 209952 209953 209954 209955 209956 209957 209958 209959 209960 209961 209962 209963 209964 209965 209966 209967 209968 209969 209970 209971 209972 209973 209974 209975 209982 209976 209977 209978 209979 209980 209981 209983 209984 209985 209986 209987 209988 209995 209989 209997 209990 209991 209992 209993 209994 209996 209998 209999 210000 210007 210001 210002 210003 210004 210005 210006 210008 210009 210010 210011 210012 210013 210014 210015 210016 210017 210018 210019 210020 210021 210028 210022 210023 210024 210025 210026 210027 210029 210030 210031 210032 210033 210034 210035 210036 210037 210038 210039 210046 210040 210047 210048 210041 210042 210043 210052 210045 210055 210049 210050 210051 210053 210054 210056 210057 210058 210059 210060 210061 210062 210063 210064 210065 210066 210067 210068 210069 210070 210071 210072 210073 210074 210075 210076 210077 210078 210079 210080 210081 210082 210083 210084 210085 210086 210087 210088 210089 210090 210091 210092 210093 210094 210095 210096 210097 210098 210099 210100 210101 210102 210103 210104 210105 210106 210107 210108 210109 210110 210111 210112 210113 210114 210115 210121 210122 210116 210117 210118 210119 210120 210123 210124 210125 210126 210127 210128 210129 210130 210131 210132 210133 210134 210140 210135 210136 210137 210138 210139 210141 210142 210148 210149 210143 210151 210144 210145 210146 210147 210150 210152 210153 210154 210155 210156 210157 210158 210159 210160 210161 210162 210163 210164 210165 210166 210167 210168 210169 210170 210171 210172 210173 210174 210175 210176 210177 210178 210179 210180 210181 210182 210183 210184 210185 210191 210186 210187 210188 210189 210190 210192 210193 210194 210195 210196 210197 210198 210199 210200 210201 210202 210203 210204 210205 210206 210207 210208 210209 210210 210211 210212 210213 210214 210215 210216 210217 210223 210224 210218 210219 210220 210221 210222 210225 210226 210227 210228 210229 210230 210236 210231 210232 210233 210234 210235 210237 210238 210239 210240 210241 210242 210243 210244 210250 210245 210252 210246 210247 210248 210256 210249 210251 210259 210253 210261 210254 210255 210257 210258 210260 210262 210263 210264 210265 210266 210267 210268 210269 210270 210271 210272 210273 210274 210275 210276 210277 210278 210279 210280 210281 210282 210283 210289 210290 210291 210284 210285 210294 210286 210287 210288 210298 210292 210293 210295 210296 210297 210299 210305 210300 210301 210302 210303 210304 210306 210307 210308 210309 210310 210311 210312 210313 210314 210315 210316 210317 210318 210319 210320 210321 210322 210323 210324 210325 210326 210327 210328 210329 210330 210331 210332 210333 210334 210335 210336 210337 210338 210339 210340 210341 210342 210343 210344 210345 210346 210347 210348 210349 210350 210351 210352 210353 210354 210360 210355 210356 210357 210358 210359 210361 210362 210363 210364 210365 210366 210367 210368 210369 210370 210371 210372 210373 210374 210375 210376 210377 210378 210379 210380 210386 210381 210382 210383 210384 210385 210387 210388 210389 210390 210391 210392 210393 210394 210395 210396 210397 210398 210399 210405 210400 210401 210402 210403 210404 210411 210406 210407 210408 210409 210410 210412 210413 210414 210415 210416 210417 210418 210419 210420 210421 210422 210423 79357 210424 210425 210426 210427 210428 210429 210436 210430 210431 210432 210433 210434 210435 210437 210438 210439 210440 210447 210441 210442 210443 210444 210445 210446 210448 210449 210450 210451 210452 210453 210454 210455 210462 210456 210457 210458 210459 210460 210461 210463 210464 210465 210466 210467 210468 210469 210470 210471 210472 210473 210474 210475 210476 210477 210478 210479 210480 210481 210482 210483 210484 210485 210492 210486 210487 210488 210489 210490 210491 210493 210494 210495 210496 210497 210498 210505 210506 79435 210499 210500 210501 210502 79440 210511 210514 210507 210508 210509 210510 210512 210513 210515 210516 210517 210518 210519 210520 210521 210522 210523 210524 210525 210526 210527 210528 79463 210529 210536 210537 210538 210531 210532 210533 210534 210535 210539 210540 210541 210542 210549 210543 210544 210545 210546 210554 210547 210548 210557 210550 210551 210552 210553 210555 210556 210564 210558 210559 210567 210560 210561 210562 210563 210565 210566 210568 210575 210569 210570 210571 210578 210579 210572 210581 210574 210584 210576 210577 210580 210582 210583 210585 210586 210592 210587 210588 210589 210590 210591 210593 210594 210595 210596 210602 210603 210604 210605 210597 210598 210599 210600 210601 210611 210606 210607 210608 210615 210609 210610 210612 210613 210614 210616 210617 210618 210619 210620 210621 210622 210623 210624 210625 210626 210627 210628 210629 210630 210631 210632 210633 210634 210635 210636 210637 210638 210639 210640 210641 210642 210643 210644 210645 210646 210647 210648 210649 210650 210651 210652 210653 210654 210655 210656 210657 210663 210658 210659 210660 210661 210662 210664 210665 210667 210668 210669 210670 210671 210673 210674 210675 210676 210677 210678 210679 210680 210681 210682 210683 210684 210685 210686 210687 210688 210689 210690 210691 210692 210693 210694 210695 210699 210696 210697 210698 210700 210704 210701 210706 210702 210703 210705 210707 210708 210709 210710 210711 210712 210713 210714 210715 210716 210717 210718 210719 210720 210721 210722 210723 210724 210725 210726 210730 210727 210728 210729 210731 210732 210733 210734 210735 210739 210736 210741 210737 210738 210740 210742 210746 210747 210748 210743 210744 210745 210752 210749 210750 210751 210753 210754 210755 210756 210760 210757 210762 210758 210759 210761 210763 210764 210765 210769 210766 210767 210768 210770 210771 210772 210773 210774 210775 210776 210780 210777 210778 210779 210781 210782 210783 210784 210785 210786 210787 210791 210792 210788 210789 210790 210793 210794 210795 210796 210797 210798 210799 210800 210804 210805 210801 210807 210802 210803 210806 210808 210809 210810 210811 210812 210813 210817 210818 210819 210814 210815 210816 210820 210821 210822 210823 210824 210828 210829 210825 210826 210827 210830 210831 210832 210833 210834 210835 210836 210837 210838 210839 210841 210842 210843 210844 210845 210846 210847 210848 210849 210851 210852 210853 210854 210855 210856 210858 210857 210859 210860 210861 210862 210863 210864 210865 210867 210868 210869 210870 210871 210872 210873 210874 210875 210876 210877 210878 210879 210880 210881 210882 210883 210884 210885 210886 210887 210888 210889 210890 210891 210892 210893 210894 210895 210896 210897 210898 210899 210900 210901 210902 210903 210904 210905 210906 210907 210908 210909 210910 210911 210912 210913 210914 210915 210916 210917 210918 210919 210920 210921 210922 210923 210924 210925 210926 210927 210928 210929 210930 210931 210932 210933 210934 210935 210936 210937 210938 210939 210940 210941 210942 210943 210944 210945 210946 210947 210948 210949 210950 210951 210952 210953 210954 210955 210956 210957 210958 210959 210960 210961 210962 210963 210964 210965 210966 210967 210968 210969 210970 210971 210972 210973 210974 210975 210976 210977 210978 210979 210980 210981 210982 210983 210984 210985 210986 210987 210988 210989 210990 210991 210992 210993 210994 210995 210996 210997 210998 210999 211000 211001 211002 211003 211004 211005 211006 211007 211008 211009 211010 211011 211012 211013 211014 211015 211016 211017 211018 211019 211020 211021 211022 211023 211024 211025 211026 211027 211028 211029 211030 211031 211032 211033 211034 211035 211036 211037 211038 211039 211040 211041 211042 211043 211044 211045 211046 211047 211048 211049 211050 211051 211052 211053 211054 211055 211056 211057 211058 211059 211060 211061 211062 211063 211064 211065 211066 211067 211068 211069 211070 211071 211072 211073 211074 211075 211076 211077 211078 211079 211080 211081 211082 211083 211084 211085 211086 211087 211088 211089 211090 211091 211092 211093 211094 211095 211096 211097 211098 211099 211100 211101 211102 211103 211104 211105 211106 211107 211108 211109 211110 211111 211112 211113 211114 211115 211116 211117 211118 211119 211120 211121 211122 211123 211124 211125 211126 211127 211128 211129 211130 211131 211132 211133 211134 211135 211136 211137 211138 211139 211140 211141 211142 211143 211144 211145 211146 211147 211148 211149 211150 211151 211152 211153 211154 211155 211156 211157 211158 211159 211160 211161 211162 211163 211164 211165 211166 211167 211168 211169 211170 211171 211172 211173 211174 211175 211176 211177 211178 211179 211180 211181 211182 211183 211184 211185 211186 211187 211188 211189 211190 211191 211192 211193 211194 211195 211196 211197 211198 211199 211200 211201 211202 211203 211204 211205 211206 211207 211208 211209 211210 211211 211212 211213 211214 211215 211216 211217 211218 211219 211220 211221 211222 211223 211224 211225 211226 211227 211228 211229 211230 211231 211232 211233 211234 211235 211236 211237 211238 211239 211240 211241 211242 211243 211244 211245 211246 211247 211248 211249 211250 211251 211252 211253 211254 211255 211256 211257 211258 211259 211260 211261 211262 211263 211264 211265 211266 211267 211268 211269 211270 211271 211272 211273 211274 211275 211276 211277 211278 211279 211280 211281 211282 211283 211284 211285 211286 211287 211288 211289 211290 211291 211292 211293 211294 211295 211296 211297 211298 211299 211300 211301 211302 211303 211304 211305 211306 211307 211308 211309 211310 211311 211312 211313 211314 211315 211316 211317 211318 211319 211320 211321 211322 211323 211324 211325 211326 211327 211328 211329 211330 211331 211332 211333 211334 211335 211336 211337 211338 211339 211340 211341 211342 211343 211344 211345 211346 211347 211348 211349 211350 211351 211352 211353 211354 211355 211356 211357 211358 211359 211360 211361 211362 211363 211364 211365 211366 211367 211368 211369 211370 211371 211372 211373 211374 211375 211376 211377 211378 211379 211380 211381 211382 211383 211384 211385 211386 211387 211388 211389 211390 211391 211392 211393 211394 211395 211396 211397 211398 211399 211400 211401 211402 211403 211404 211405 211406 211407 211408 211409 211410 211411 211412 211413 211414 211415 211416 211417 211418 211419 211420 211421 211422 211423 211424 211425 211426 211427 211428 211429 211430 211431 211432 211433 211434 211435 211436 211437 211438 211439 211440 211441 211442 211443 211444 211445 80374 211446 211447 211448 211449 211450 211451 211452 211453 211454 211455 211456 211457 211458 211459 211461 211462 211463 211460 211465 211466 211467 211468 211469 211470 211471 211472 211473 211474 211475 211476 211477 211478 211479 211480 211481 211482 211483 211484 211485 211486 211487 211488 211489 211490 211491 211492 211493 211494 211495 211496 211497 211498 211499 211500 211501 211502 211503 211504 211505 211506 211507 211508 211509 211510 211511 211512 211513 211514 211515 211516 211517 211518 211519 211520 211521 211522 211523 211524 211525 211526 211527 211528 211529 211530 211531 211532 211533 211534 211535 211536 211537 211538 211539 211540 211541 211542 211543 211544 211545 211546 211547 211548 211549 211550 211551 211552 211553 211554 211555 211556 211557 211558 211559 211560 211561 211562 211563 211564 211565 211566 211567 211568 211569 211570 211571 211572 211573 211574 211575 211576 211577 211578 211579 211580 211581 211582 211583 211584 211585 211586 211587 211588 211589 211590 211591 211592 211593 211594 211595 211596 211597 211598 211599 211600 211601 211602 211603 211604 211605 211606 211607 211608 211609 211610 211611 211612 211613 211614 211615 211616 211617 211618 211619 211620 211621 211622 211623 211624 211625 211626 211627 211628 211629 211630 211631 211632 211633 211634 211635 211636 211637 211638 211639 211640 211641 211642 211643 211644 211645 211646 211647 211648 211649 211650 211651 211652 211653 211654 211655 211656 211657 211658 211659 211660 211661 211662 211663 211664 211665 211666 211667 211668 211669 211670 211671 211672 211673 211674 211675 211676 211677 211678 211679 211680 211681 211682 211683 211684 211685 211686 211687 211688 211689 211690 211691 211692 211693 211694 211695 211696 211697 211698 211699 211700 211701 211702 211703 211704 211705 211706 211707 211708 211709 211710 211711 211712 211713 211714 211715 211716 211717 211718 211719 211720 211721 211722 211723 211724 211725 211726 211727 211728 211729 211730 211731 211732 211733 211734 211735 211736 211737 211738 211739 211740 211741 211742 211743 211744 211745 211746 211747 211748 211749 211750 211751 211752 211753 211754 211755 211756 211757 211758 211759 211760 211761 211762 211763 211764 211765 211766 211767 211768 211769 211770 211771 211772 211773 211774 211775 211776 211777 211778 211779 211780 211781 211782 211783 211784 211785 211786 211787 211788 211789 211790 211791 211792 211793 211794 211795 211796 211797 211798 211799 211800 211801 211802 211803 211804 211805 211806 211807 211808 211809 211810 211811 211812 211813 211814 211815 211816 211817 211818 211819 211820 211821 211822 211823 211824 211825 211826 211827 211828 211829 211830 211831 211832 211833 211834 211835 211836 211837 211838 211839 211840 211841 211842 211843 211844 211845 211846 211847 211848 211849 211850 211851 211852 211853 211854 211855 211856 211857 211858 211859 211860 211861 211862 211863 211864 211865 211866 211867 211868 211869 211870 211871 211872 211873 211874 211875 211876 211877 211878 211879 211880 211881 211882 211883 211884 211885 211886 211887 211888 211889 211890 211891 211892 211893 211894 211895 211896 211897 211898 211899 211900 211901 211902 211903 211904 211905 211906 211907 211908 211909 211910 211911 211912 211913 211914 211915 211916 211917 211918 211919 211920 211921 211922 211923 211924 211925 211926 211927 211928 211929 211930 211931 211932 211933 211934 211935 211936 211937 211938 211939 211940 211941 211942 211943 211944 211945 211946 211947 211948 211949 211950 211951 211952 211953 211954 211955 211956 211957 211958 211959 211960 211961 211962 211963 211964 211965 211966 211967 211968 211969 211970 211971 211972 211973 211974 211975 211976 211977 211978 211979 211980 211981 211982 211983 211984 211985 211986 211987 211988 211989 211990 211991 211992 211993 211994 211995 211996 211997 211998 211999 212000 212001 212002 212003 212004 212005 212006 212007 212008 80937 212009 212010 212012 212013 212014 212015 212016 212011 212018 212019 212020 212021 212022 212017 212024 212025 212026 212027 212028 212029 212030 212031 212032 80961 212033 212034 212035 212036 212037 212038 212040 212039 212041 212043 212042 212044 212046 212045 212048 212049 212050 212051 212052 212053 212054 212055 212056 212057 212058 212059 212060 212061 212062 212063 212064 212065 212066 212067 212068 212069 212070 212071 212072 212073 212074 212075 212076 212077 212078 212079 212080 212081 212082 212083 212084 212085 212086 212087 212088 212089 212090 212091 212092 212093 212094 212095 212096 212097 212098 212099 212100 212101 212102 212103 212104 212105 212106 212107 212108 212109 212110 212111 212112 212113 212114 212115 212116 212117 212118 212119 212120 212121 212122 212123 212124 212125 212126 212127 212128 212129 212130 212131 212132 212133 212134 212135 212136 212137 212138 212139 212140 212141 212142 212143 212144 212145 212146 212147 212148 212149 212150 212151 212152 212153 212154 212155 212156 212157 212158 212159 212160 212161 212162 212163 212164 212165 212166 212167 212168 212169 212170 212171 212172 212173 212174 212175 212176 212177 212178 212179 212180 212181 212182 212183 212184 212185 212186 212187 212188 212189 212190 212191 212192 212193 212194 212195 212196 212197 212198 212199 212200 212201 212202 212203 212204 212205 212206 212207 212208 212209 212210 212211 212212 212213 212214 212215 212216 212217 212218 212219 212220 212221 212222 212223 212224 212225 212226 212227 212228 212229 212230 212231 212232 212233 212234 212235 212236 212237 212238 212239 212240 212241 212242 212243 212244 212245 212246 212247 212248 212249 212250 212251 212252 212253 212254 212255 212256 212257 212258 212259 212260 212261 212262 212263 212264 212265 212266 212267 212268 212269 212270 212271 212272 212273 212274 212275 212276 212277 212278 212279 212280 212281 212282 212283 212284 212285 212286 212287 212288 212289 212290 212291 212292 212293 212294 212295 212296 212297 212298 212299 212300 212301 212302 212303 212304 212305 212306 212307 212308 212309 212310 212311 212312 212313 212314 212315 212316 212317 212318 212319 212320 212321 212322 212323 212324 212325 212326 212327 212328 212329 212330 212331 212332 212333 212334 212335 212336 212337 212338 212339 212340 212341 212342 212343 212344 212345 212346 212347 212348 212349 212350 212351 212352 212353 212354 212355 212356 212357 212358 212359 212360 212361 212362 212363 212364 212365 212366 212367 212368 212369 212370 212371 212372 212373 212374 212375 212376 212377 212378 212379 212380 212381 212382 212383 212384 212385 212386 212387 212388 212389 212390 212391 212392 212393 212394 212395 212396 212397 212398 212399 212400 212401 212402 212403 212413 212414 212415 212416 212417 212418 212419 212420 212421 212422 212423 212424 212425 212426 212427 212428 212429 212430 212431 212432 212433 212434 212435 212436 212437 212438 212439 212440 212441 212442 212443 212444 212445 212446 212447 212448 212449 212450 212451 212452 212453 212454 212455 212456 212457 212458 212459 212460 212461 212462 212463 212464 212465 212466 212467 212468 212469 212470 212471 212472 212473 212474 212475 212476 212477 212478 212479 212480 212481 212482 212483 212484 212485 212486 212487 212488 212489 212490 212491 212492 212493 212494 212495 212496 212497 212498 212499 212500 212501 212502 212503 212504 212505 212506 212507 212508 212509 212510 212511 212512 212513 212514 212515 212516 212517 212518 212519 212520 212521 212522 212523 212524 212525 212526 212527 212528 212529 212530 212531 212532 212533 212534 212535 212536 212537 212538 212539 212540 212541 212542 212543 212544 212545 212546 212547 212548 212549 212550 212551 212552 212553 212554 212555 212556 212557 212558 212559 212560 212561 212562 212563 212564 212565 212566 212567 212568 212569 212570 212571 212572 212573 212574 212575 212576 212577 212578 212579 212580 212581 212582 212583 212584 212585 212586 212587 212588 212589 212590 212591 212592 212593 212594 212595 212596 212597 212598 212599 212600 212601 212602 212603 212604 212605 212606 212607 212608 212609 212610 212611 212612 212613 212614 212615 212616 212617 212618 212619 212620 212621 212622 212623 212624 212625 212626 212627 212628 212629 212630 212631 212632 212633 212634 212635 212636 212637 212638 212639 212640 212641 212642 212643 212644 212645 212646 212647 212648 212649 212650 212651 212652 212653 212654 212655 212656 212657 212658 212659 212660 212661 212662 212663 212664 212665 212666 212667 212668 212669 212670 212671 212672 212673 212674 212675 212676 212677 212678 212679 212680 212681 212682 212683 212684 212685 212686 212687 212688 212689 212690 212691 212692 212693 212694 212695 212696 212697 212698 212699 212700 212701 212702 212703 212704 212705 212706 212707 212708 212709 212710 212711 212712 212713 212714 212715 212716 212717 212718 212719 212720 212721 212722 212723 212724 212725 212726 212727 212728 212729 212730 212731 212732 212733 212734 212735 212736 212737 212738 212739 212740 212741 212742 212743 212744 212745 212746 212747 212748 212749 212750 212751 212752 212753 212754 212755 212756 212757 212758 212759 212760 212761 212762 212763 212764 212765 212766 212767 212768 212769 212770 212771 212772 212773 212774 212775 212776 212777 212778 212779 212780 212781 212782 212783 212784 212785 212786 212787 212788 212789 212790 212791 212792 212793 212794 212795 212796 212797 212798 212799 212800 212801 212802 212803 212804 212805 212806 212807 212808 212809 212810 212811 212812 212813 212814 212815 212816 212817 212818 212819 212820 212821 212822 212823 212824 212825 212826 212827 212828 212829 212830 212831 212832 212833 212834 212835 212836 212837 212838 212839 212840 212841 212842 212843 212844 212845 212846 212847 212848 212849 212850 212851 212852 212853 212854 212855 212856 212857 212858 212859 212860 212861 212862 212863 212864 212865 212866 212867 212868 212869 212870 212871 212872 212873 212874 212875 212876 212877 212878 212879 212880 212881 212882 212883 212884 212885 212886 212887 212888 212889 212890 212891 212892 212893 212894 212895 212896 212897 212898 212899 212900 212901 212902 212903 212904 212905 212906 212907 212908 212909 212910 212911 212912 212913 212914 212915 212916 212917 212918 212919 212920 212921 212922 212923 212924 212925 212926 212927 212928 212929 212930 212931 212932 212933 212934 212935 212936 212937 212938 212939 212940 212941 212942 212943 212944 212945 212946 212947 212948 212949 212950 212951 212952 212953 212954 212955 212956 212957 212958 212959 212960 212961 212962 212963 212964 212965 212966 212967 212968 212969 212970 212971 212972 212973 212974 212975 212976 212977 212978 212979 212980 212981 212982 212983 212984 212985 212986 212987 212988 212989 212990 212991 212992 212993 212994 212995 212996 212997 212998 212999 213000 213001 213002 213003 213004 213005 213006 213007 213008 213009 213010 213011 213012 213013 213014 213015 213016 213017 213018 213019 213020 213021 213022 213023 213024 213025 213026 213027 213028 213029 213030 213031 213032 213033 213034 213035 213036 213037 213038 213039 213040 213041 213042 213043 213044 213045 213046 213047 213048 213049 213050 213051 213052 213053 213054 213055 213056 213057 213058 213059 213060 213061 213062 213063 213064 213065 213066 213067 213068 213069 213070 213071 213072 213073 213074 213075 213076 213077 213078 213079 213080 213081 213082 213083 213084 213085 213086 213087 213088 213089 213090 213091 213092 213093 213094 213095 213096 213097 213098 213099 213100 213101 213102 213103 213104 213105 213106 213107 213108 213109 213110 213111 213112 213113 213114 213115 213116 213117 213118 213119 213120 213121 213122 213123 213124 213125 213126 213127 213128 213129 213130 213131 213132 213133 213134 213135 213136 213137 213138 213139 213140 213141 213142 213143 213144 213145 213146 213147 213148 213149 213150 213151 213152 213153 213154 213155 213156 213157 213158 213159 213160 213161 213162 213163 213164 213165 213166 213167 213168 213169 213170 213171 213172 213173 213174 213175 213176 213177 213178 213179 213180 213181 213182 213183 213184 213185 213186 213187 213188 213189 213190 213191 213192 213193 213194 213195 213196 213197 213198 213199 213200 213201 213202 213203 213204 213205 213206 213207 213208 213209 213210 213211 213212 213213 213214 213215 213216 213217 213218 213219 213220 213221 213222 213223 213224 213225 213226 213227 213228 213229 213230 213231 213232 213233 213234 213235 213236 213237 213238 213239 213240 213241 213242 213243 213244 213245 213246 213247 213248 213249 213250 213251 213252 213253 213254 213255 213256 213257 213258 213259 213260 213261 213262 213263 213264 213265 213266 213267 213268 213269 213270 213271 213272 213273 213274 213275 213276 213277 213278 213279 213280 213281 213282 213283 213284 213285 213286 213287 213288 213289 213290 213291 213292 213293 213294 213295 213296 213297 213298 213299 213300 213301 213302 213303 213304 213305 213306 213307 213308 213309 213310 213311 213312 213313 213314 213315 213316 213317 213318 213319 213320 213321 213322 213323 213324 213325 213326 213327 213328 213329 213330 213331 213332 213333 213334 213335 213336 213337 213338 213339 213340 213341 213342 213343 213344 213345 213346 213347 213348 213349 213350 213351 213352 213353 213354 213355 213356 213357 213358 213359 213360 213361 213362 213363 213364 213365 213366 213367 213368 213369 213370 213371 213372 213373 213374 213375 213376 213377 213378 213379 213380 213381 213382 213383 213384 213385 213386 213387 213388 213389 213390 213391 213392 213393 213394 213395 213396 213397 213398 213399 213400 213401 213402 213403 213404 213405 213406 213407 213408 213409 213410 213411 213412 213413 213414 213415 213416 213417 213418 213419 213420 213421 213422 213423 213424 213425 213426 213427 213428 213429 213430 213431 213432 213433 213434 213435 213436 213437 213438 213439 213440 213441 213442 213443 213444 213445 213446 213447 213448 213449 213450 213451 213452 213453 213454 213455 213456 213457 213458 213459 213460 213461 213462 213463 213464 213465 213466 213467 213468 213469 213470 213471 213472 213473 213474 213475 213476 213477 213478 213479 213480 213481 213482 213483 213484 213485 213486 213487 213488 213489 213490 213491 213492 213493 213494 213495 213496 213497 213498 213499 213500 213501 213502 213503 213504 213505 213506 213507 213508 213509 213510 213511 213512 213513 213514 213515 213516 213517 213518 213519 213520 213521 213522 213523 213524 213525 213526 213527 213528 213529 213530 213531 213532 213533 213534 213535 213536 213537 213538 213539 213540 213541 213542 213543 213544 213545 213546 213547 213548 213549 213550 213551 213552 213553 213554 213555 213556 213557 213558 213559 213560 213561 213562 213563 213564 213565 213566 213567 213568 213569 213570 213571 213572 213573 213574 213575 213576 213577 213578 213579 213580 213581 213582 213583 213584 213585 213586 213587 213588 213589 213590 213591 213592 213593 213594 213595 213596 213597 213598 213599 213600 213601 213602 213603 213604 213605 213606 213607 213608 213609 213610 213611 213612 213613 213614 213615 213616 213617 213618 213619 213620 213621 213622 213623 213624 213625 213626 213627 213628 213629 213630 213631 213632 213633 213634 213635 213636 213637 213638 213639 213640 213641 213642 213643 213644 213645 213646 213647 213648 213649 213650 213651 213652 213653 213654 213655 213656 213657 213658 213659 213660 213661 213662 213663 213664 213665 213666 213667 213668 213669 213670 213671 213672 213673 213674 213675 213676 213677 213678 213679 213680 213681 213682 213683 213684 213685 213686 213687 213688 213689 213690 213691 213692 213693 213694 213695 213696 213697 213698 213699 213700 213701 213702 213703 213704 213705 213706 213707 213708 213709 213710 213711 213712 213713 213714 213715 213716 213717 213718 213719 213720 213721 213722 213723 213724 213725 213726 213727 213728 213729 213730 213731 213732 213733 213734 213735 213736 213737 213738 213739 213740 213741 213742 213743 213744 213745 213746 213747 213748 213749 213750 213751 213752 213753 213754 213755 213756 213757 213758 213759 213760 213761 213762 213763 213764 213765 213766 213767 213768 213769 213770 213771 213772 213773 213774 213775 213776 213777 213778 213779 213780 213781 213782 213783 213784 213785 213786 213787 213788 213789 213790 213791 213792 213793 213794 213795 213796 213797 213798 213799 213800 213801 213802 213803 213804 213805 213806 213807 213808 213809 213810 213811 213812 213813 213814 213815 213816 213817 213818 213819 213820 213821 213822 213823 213824 213825 213826 213827 213828 213829 213830 213831 213832 213833 213834 213835 213836 213837 213838 213839 213840 213841 213842 213843 213844 213845 213846 213847 213848 213849 213850 213851 213852 213853 213854 213855 213856 213857 213858 213859 213860 213861 213862 213863 213864 213865 213866 213867 213868 213869 213870 213871 213872 213873 213874 213875 213876 213877 213878 213879 213880 213881 213882 213883 213884 213885 213886 213887 213888 213889 213890 213891 213892 213893 213894 213895 213896 213897 213898 213899 213900 213901 213902 213903 213904 213905 213906 213907 213908 213909 213910 213911 213912 213913 213914 213915 213916 213917 213918 213919 213920 213921 213922 213923 213924 213925 213926 213927 213928 213929 213930 213931 213932 213933 213934 213935 213936 213937 213938 213939 213940 213941 213942 213943 213944 213945 213946 213947 213948 213949 213950 213951 213952 213953 213954 213955 213956 213957 213958 213959 213960 213961 213962 213963 213964 213965 213966 213967 213968 213969 213970 213971 213972 213973 213974 213975 213976 213977 213978 213979 213980 213981 213982 213983 213984 82913 213985 213986 213987 213988 213989 213990 213991 213992 213993 213994 213995 213996 213998 213999 214000 214001 214002 214003 214004 214005 214006 214007 214008 214009 214010 214011 214012 214013 214014 214015 214016 214017 214018 214019 214020 214021 214022 214023 214024 214025 214026 214027 214028 214029 214030 214031 214032 214033 214034 214035 214036 214037 214038 214039 214040 214041 214042 214043 214044 214045 214046 214047 214048 214049 214050 214051 214052 214053 214054 214055 214056 214057 214058 214059 214060 214061 214062 214063 214064 214065 214066 214067 214068 214069 214070 214071 214072 214073 214074 214075 214076 214077 214078 214079 214080 214081 214082 214083 214084 214085 214086 214087 214088 214089 214090 214091 214092 214093 214094 214095 214096 214097 214098 214099 214100 214101 214102 214103 214104 214105 214106 214107 214108 214109 214110 214111 214112 214113 214114 214115 214116 214117 214118 214119 214120 214121 214122 214123 214124 214125 214126 214127 214128 214129 214130 214131 214132 214133 214134 214135 214136 214137 214138 214139 214140 214141 214142 214143 214144 214145 214146 214147 214148 214149 214150 214151 214152 214153 214154 214155 214156 214157 214158 214159 214160 214161 214162 214163 214164 214165 214166 214167 214168 214169 214170 214171 214172 214173 214174 214175 214176 214177 214178 214179 214180 214181 214182 214183 214184 214185 214186 214187 214188 214189 214190 214191 214192 214193 214194 214195 214196 214197 214198 214199 214200 214201 214202 214203 214204 214205 214206 214207 214208 214209 214210 214211 214212 214213 214214 214215 214216 214217 214218 214219 214220 214221 214222 214223 214224 214225 214226 214227 214228 214229 214230 214231 214232 214233 214234 214235 214236 214237 214238 214239 214240 214241 214242 214243 214244 214245 214246 214247 214248 214249 214250 214251 214252 214253 214254 214255 214256 214257 214258 214259 214260 214261 214262 214263 214264 214265 214266 214267 214268 214269 214270 214271 214272 214273 214274 214275 214276 214277 214278 214279 214280 214281 214282 214283 214284 214285 214286 214287 214288 214289 214290 214291 214292 214293 214294 214295 214296 214297 214298 214299 214300 214301 214302 214303 214304 214305 214306 214307 214308 214309 214310 214311 214312 214313 214314 214315 214316 214317 214318 214319 214320 214321 214322 214323 214324 214325 83254 214326 214328 214329 214330 214331 214332 214333 214334 214335 214336 214337 214338 214339 214340 214341 214342 214343 214344 214345 214346 214347 214348 214349 214350 214351 214352 214353 214354 214355 214356 214357 214358 214359 214360 214361 214362 214363 214364 214365 83294 83295 83296 214366 214368 214369 214370 214371 214372 214373 214374 214375 214376 214377 214378 214379 214380 214381 214382 214383 214384 214385 214386 214387 214388 214389 214390 214391 214392 214393 214394 214396 214397 214398 214399 214400 214401 214402 83332 214403 214405 214406 214407 214408 214409 214410 214411 83341 214412 214413 214414 214415 214416 214418 214419 214420 214421 214423 214424 214425 214426 214427 214428 214429 214430 214431 83359 214433 214434 214435 214436 214437 214438 214439 214440 83369 214441 214442 214443 214444 214445 214446 214447 214448 214449 214450 214451 214453 214454 214455 214456 214457 214458 214459 214460 214461 214462 214463 214464 214465 214466 214467 214468 214469 214470 214471 214472 214473 214474 214475 214476 214477 214478 214479 214480 214481 214482 214483 214484 214485 214486 214487 214488 214489 214490 214491 214492 214493 214494 214495 214496 214497 214498 214499 214500 214501 214502 214503 214504 214505 214506 214507 214508 214509 214510 214511 214512 214513 214514 214515 214516 214517 214518 214519 214520 214521 214522 214523 214524 214525 214526 214527 214528 214529 214530 214531 214532 214533 214534 214535 214536 214537 214538 214539 214540 214541 214542 214543 214544 214545 214546 214547 214548 214549 214550 214551 214552 214553 214554 214555 214556 214557 214558 214559 214560 214561 214562 214563 214564 214565 214566 214567 214568 214569 214570 214571 214572 214573 214574 214575 214576 214577 214578 214579 214580 214581 214582 214583 214584 214585 214586 214587 214588 214589 214590 214591 214592 214593 214594 214595 214596 214597 214598 214599 214600 214601 214602 214603 214604 214605 214606 214607 214608 214609 214610 214611 214612 214613 214614 214615 214616 214617 214618 214619 214620 214621 214622 214623 214624 214625 214626 214627 214628 214629 214630 214631 214632 214633 214634 214635 214636 214637 214638 214639 214640 214641 214642 214643 214644 214645 214646 214647 214648 214649 214650 214651 214652 214653 214654 214655 214656 214657 214658 214659 214660 214661 214662 214663 214664 214665 214666 214667 214668 214669 214670 214671 214672 214673 214674 214675 214676 214677 214678 214679 214680 214681 214682 214683 214684 214685 214686 214687 214688 214689 214690 214691 214692 214693 214694 214695 214696 214697 214698 214699 214700 214701 214702 214703 214704 214705 214706 214707 214708 214709 214710 214711 214712 214713 214714 214715 214716 214717 214718 214719 214720 214721 214722 214723 214724 214725 214726 214727 214728 214729 214730 214731 214732 214733 214734 214735 214736 214737 214738 214739 214740 214741 214742 214743 214744 214745 214746 214747 214748 214749 214750 214751 214752 214753 214754 214755 214756 214757 214758 214759 214760 214761 214762 214763 214764 214765 214766 214767 214768 214769 214770 214771 214772 214773 214774 214775 214776 214777 214778 214779 214780 214781 214782 214783 214784 214785 214786 214787 214788 214789 214790 214791 214792 214793 214794 214795 214796 214797 214798 214799 214800 214801 214802 214803 214804 214805 214806 214807 214808 214809 214810 214811 214812 214813 214814 214815 214816 214817 214818 214819 214820 214821 214822 214823 214824 214825 214826 214827 214828 214829 214830 214831 214832 214833 214834 214835 214836 214837 214838 214839 214840 214841 214842 214843 214844 214845 214846 214847 214848 214849 214850 214851 214852 214853 214854 214855 214856 214857 214858 214859 214860 214861 214862 214863 214864 214865 214866 214867 214868 214869 214870 214871 214872 214873 214874 214875 214876 214877 214878 214879 214880 214881 214882 214883 214884 214885 214886 214887 214888 214889 214890 214891 214892 214893 214894 214895 214896 214897 214898 214899 214900 214901 214902 214903 214904 214905 214906 214907 214908 214909 214910 214911 214912 214913 214914 214915 214916 214917 214918 214919 214920 214921 214922 214923 214924 214925 214926 214927 214928 214929 214930 214931 214932 214933 214934 214935 214936 214937 214938 214939 214940 214941 214942 214943 214944 214945 214946 214947 214948 214949 214950 214951 214952 214953 214954 214955 214956 214957 214958 214959 214960 214961 214962 214963 214964 214965 214966 214967 214968 214969 214970 214971 214972 214973 214974 214975 214976 214977 214978 214979 214980 214981 214982 214983 214984 214985 214986 214987 214988 214989 214990 214991 214992 214993 214994 214995 214996 214997 214998 214999 215000 215001 215002 215003 215004 215005 215006 215007 215008 215009 215010 215011 215012 215013 215014 215015 215016 215017 215018 215019 215020 215021 215022 215023 215024 215025 215026 215027 215028 215029 215030 215031 215032 215033 215034 215035 215036 215037 215038 215039 215040 215041 215042 215043 215044 215045 215046 215047 215048 215049 215050 215051 215052 215053 215054 215055 215056 215057 215058 215059 215060 215061 215062 215063 215064 215065 215066 215067 215068 215069 215070 215071 215072 215073 215074 215075 215076 215077 215078 215079 215080 215081 215082 215083 215084 215085 215086 215087 215088 215089 215090 215091 215092 215093 215094 215095 215096 215097 215098 215099 215100 215101 215102 215103 215104 215105 215106 215107 215108 215109 215110 215111 215112 215113 215114 215115 215116 215117 215118 215119 215120 215121 215122 215123 215124 215125 215126 215127 215128 215129 215130 215131 215132 215133 215134 215135 215136 215137 215138 215139 215140 215141 215142 215143 215144 215145 215146 215147 215148 215149 215150 215151 215152 215153 215154 215155 215156 215157 215158 215159 215160 215161 215162 215163 215164 215165 215166 215167 215168 215169 215170 215171 215172 215173 215174 215175 215176 215177 215178 215179 215180 215181 215182 215183 215184 215185 215186 215187 215188 215189 215190 215191 215192 215193 215194 215195 215196 215197 215198 215199 215200 215201 215202 215203 215204 215205 215206 215207 215208 215209 215210 215211 215212 215213 215214 215215 215216 215217 215218 215219 215220 215221 215222 215223 215224 215225 215226 215227 215228 215229 215230 215231 215232 215233 215234 215235 215236 215237 215238 215239 215240 215241 215242 215243 215244 215245 215246 215247 215248 215249 215250 215251 215252 215253 215254 215255 215256 215257 215258 215259 215260 215261 215262 215263 215264 215265 215266 215267 215268 215269 215270 215271 215272 215273 215274 215275 215276 215277 215278 215279 215280 215281 215282 215283 215284 215285 215286 215287 215288 215289 215290 215291 215292 215293 215294 215295 215296 215297 215298 215299 215300 215301 215302 215303 215304 215305 215306 215307 215308 215309 215310 215311 215312 215313 215314 215315 215316 215317 215318 215319 215320 215321 215322 215323 215324 215325 215326 215327 215328 215329 215330 215331 215332 215333 215334 215335 215336 215337 215338 215339 215340 215341 215342 215343 215344 215345 215346 215347 215348 215349 215350 215351 215352 215353 215354 215355 215356 215357 215358 215359 215360 215361 215362 215363 215364 215365 215366 215367 215368 215369 215370 215371 215372 215373 215374 215375 215376 215377 215378 215379 215380 215381 215382 215383 215384 215385 215386 215387 215388 215389 215390 215391 215392 215393 215394 215395 215396 215397 215398 215399 215400 215401 215402 215403 215404 215405 215406 215407 215408 215409 215410 215411 215412 215413 215414 215415 215416 215417 215418 215419 215420 215421 215422 215423 215424 215425 215426 215427 215428 215429 215430 215431 215432 215433 215434 215435 215436 215437 215438 215439 215440 215441 215442 215443 215444 215445 215446 215447 215448 215449 215450 215451 215452 215453 215454 215455 215456 215457 215458 215459 215460 215461 215462 215463 215464 215465 215466 215467 215468 215469 215470 215471 215472 215473 215474 215475 215476 215477 215478 215479 215480 215481 215482 215483 215484 215485 215486 215487 215488 215489 215490 215491 215492 215493 215494 215495 215496 215497 215498 215499 215500 215501 215502 215503 215504 215505 215506 215507 215508 215509 215510 215511 215512 215513 215514 215515 215516 215517 215518 215519 215520 215521 215522 215523 215524 215525 215526 215527 215528 215529 215530 215531 215532 215533 215534 215535 215536 215537 215538 215539 215540 215541 215542 215543 215544 215545 215546 215547 215548 215549 215550 215551 215552 215553 215554 215555 215556 215557 215558 215559 215560 215561 215562 215563 215564 215565 215566 215567 215568 215569 215570 215571 215572 215573 215574 215575 215576 215577 215578 215579 215580 215581 215582 215583 215584 215585 215586 215587 215588 215589 215590 215591 215592 215593 215594 215595 215596 215597 215598 215599 215600 215601 215602 215603 215604 215605 215606 215607 215608 215609 215610 215611 215612 215613 215614 215615 215616 215617 215618 215619 215620 215621 215622 215623 215624 215625 215626 215627 215628 215629 215630 215631 215632 215633 215634 215635 215636 215637 215638 215639 215640 215641 215642 215643 215644 215645 215646 215647 215648 215649 215650 215651 215652 215653 215654 215655 215656 215657 215658 215659 215660 215661 215662 215663 215664 215665 215666 215667 215668 215669 215670 215671 215672 215673 215674 215675 215676 215677 215678 215679 215680 215681 215682 215683 215684 215685 215686 215687 215688 215689 215690 215691 215692 215693 215694 215695 215696 215697 215698 215699 215700 215701 215702 215703 215704 215705 215706 215707 215708 215709 215710 215711 215712 215713 215714 215715 215716 215717 215718 215719 215720 215721 215722 215723 215724 215725 215726 215727 215728 215729 215730 215731 215732 215733 215734 215735 215736 215737 215738 215739 215740 215741 215742 215743 215744 215745 215746 215747 215748 215749 215750 215751 215752 215753 215754 215755 215756 215757 215758 215759 215760 215761 215762 215763 215764 215765 215766 215767 215768 215769 215770 215771 215772 215773 215774 215775 215776 215777 215778 215779 215780 215781 215782 215783 215784 215785 215786 215787 215788 215789 215790 215791 215792 215793 215794 215795 215796 215797 215798 215799 215800 215801 215802 215803 215804 215805 215806 215807 215808 215809 215810 215811 215812 215813 215814 215815 215816 215817 215818 215819 215820 215821 215822 215823 215824 215825 215826 215827 215828 215829 215830 215831 215832 215833 215834 215835 215836 215837 215838 215839 215840 215841 215842 215843 215844 215845 215846 215847 215848 215849 215850 215851 215852 215853 215854 215855 215856 215857 215858 215859 215860 215861 215862 215863 215864 215865 215866 215867 215868 215869 215870 215871 215872 215873 215874 215875 215876 215877 215878 215879 215880 215881 215882 215883 215884 215885 215886 215887 215888 215889 215890 215891 215892 215893 215894 215895 215896 215897 215898 215899 215900 215901 215902 215903 215904 215905 215906 215907 215908 215909 215910 215911 215912 215913 215914 215915 215916 215917 215918 215919 215920 215921 215922 215923 215924 215925 215926 215927 215928 215929 215930 215931 215932 215933 215934 215935 215936 215937 215938 215939 215940 215941 215942 215943 215944 215945 215946 215947 215948 215949 215950 215951 215952 215953 215954 215955 215956 215957 215958 215959 215960 215961 215962 215963 215964 215965 215966 215967 215968 215969 215970 215971 215972 215973 215974 215975 215976 215977 215978 215979 215980 215981 215982 215983 215984 215985 215986 215987 215988 215989 215990 215991 215992 215993 215994 215995 215996 215997 215998 215999 216000 216001 216002 216003 216004 216005 216006 216007 216008 216009 216012 216013 216014 216015 216016 216017 216018 216019 216020 216021 216022 216023 216024 216025 216026 216027 216028 216029 216030 216031 216032 216033 84962 216034 216035 216036 216037 216038 216039 216040 216041 216042 216043 216044 216045 84975 216046 216047 216048 216049 216050 216051 216052 216053 216054 216055 216056 216057 216058 216059 216060 216061 216062 216063 216064 216065 216066 216067 216068 216069 216070 216071 216072 216073 216074 216075 216076 216077 216078 216079 216080 216081 216082 216083 216084 216085 216086 216087 216088 216089 216090 216091 216092 216093 216094 216095 216096 216097 216098 216099 216100 216101 216102 216103 216104 216105 216106 216107 216108 216109 216110 216111 216112 216113 216114 216115 216116 216117 216118 216119 216120 216121 216122 216123 216124 216125 216126 216127 216128 216129 216130 216131 216132 216133 216134 216135 216136 216137 216138 216139 216140 216141 216142 216143 216144 216145 216146 216147 216148 216149 216150 216151 216152 216153 216154 216155 216156 216157 216158 216159 216160 216163 216161 216162 216164 216165 216166 216167 216168 216169 216170 216173 216171 216172 216174 216175 216178 216176 216177 216179 216180 216181 216182 216183 85114 85115 216188 216184 216185 216186 216192 216187 216189 85123 216190 216191 85126 85127 216193 85129 85130 216194 216195 216196 216197 216207 216199 216200 216201 216202 216203 216204 85142 85143 85144 85145 216218 216210 216211 216212 216213 216214 216215 216216 216217 85155 216219 216220 216230 85159 85160 216224 216225 216226 216227 216228 216229 85167 85168 216232 216233 216234 216235 216236 216237 216238 85176 216240 85178 216242 216243 216253 216245 216246 216247 216257 85186 216250 85188 216252 216254 216255 85192 85193 85194 216258 216259 216260 216261 216262 216272 216264 85202 216274 216267 216277 85206 216270 216271 216281 85209 216275 216276 216278 85214 216279 216280 216282 85218 216283 85220 216284 216285 216286 216287 216288 85226 85227 216291 216292 216293 216294 216295 216296 216297 216298 216299 216300 216310 85239 85240 216304 216305 216306 216307 216308 216309 85247 216311 216312 85250 216314 216324 216316 216317 85255 216319 85257 216321 216331 216323 85261 85262 216335 216327 216328 216329 216339 216340 85268 216342 216334 85272 216336 85274 216338 85276 216341 216343 85279 216344 216353 216345 216346 216347 216348 216349 216350 85288 216352 85290 216354 216355 216356 85294 216358 216359 216360 216361 216362 85300 85301 216365 216366 216376 216368 216369 216370 216371 216372 216373 216374 216375 85313 216377 216378 216379 216380 216381 216382 216383 216384 216394 216386 216387 216388 216389 216390 216391 216392 216393 85331 216395 216396 216397 85335 216399 216409 216401 216402 216403 216404 216405 216406 216407 85345 85346 216410 216411 216412 216413 216414 216415 216416 216417 216418 216419 216420 216421 216422 216423 216424 216425 216426 216427 216428 216429 216430 216431 216432 216433 216443 216435 216436 216446 216438 216439 216440 216441 216442 85380 216444 216454 85383 85384 216448 216449 85387 85388 216460 216453 85391 216463 216464 216457 216458 216468 216469 85397 216462 85400 85401 216465 216466 216467 85405 85406 216470 216480 216472 216473 216474 216475 216485 216477 216478 216479 216481 216490 216482 216483 85421 216486 216495 216487 216488 216489 85427 216500 216492 216493 216494 216496 216497 216498 85435 216508 216509 85438 85437 216503 216504 216505 216506 216507 85445 85446 216519 216520 216512 216513 216514 216515 216525 216517 216518 85456 216521 216522 85459 216523 216524 216534 85462 216527 85465 85466 216530 216531 216532 216533 85471 216535 216545 216546 85475 216539 216540 216550 216551 216543 85481 216553 85482 216547 216557 216549 85487 216560 216561 85490 216554 216564 216556 85494 216558 216559 216562 216570 85498 216563 85501 216565 216566 216567 216568 216569 85507 216571 216572 216573 216574 216575 216576 216577 216578 216579 216580 216581 216582 216583 216584 216585 216586 216587 216588 216589 216590 216591 216592 216593 216594 216595 216596 216597 216598 216599 216600 216601 216602 216603 216613 216605 216615 216607 216608 216609 216610 216611 216612 216614 216616 216617 216618 216619 216620 216621 216622 216623 216624 216625 216626 216627 216628 216629 216630 216631 216632 216633 216634 216635 216636 216637 216638 216639 216640 216641 216642 216643 216644 216645 216646 216647 216648 216649 216650 216651 216652 216653 216654 216655 216656 216657 216658 216659 216660 216668 216669 216661 216662 216663 216664 216665 216666 216667 216670 216671 216672 216673 216674 216675 216676 216677 216678 216679 216680 216681 216682 216683 216684 216692 216685 216686 216687 216688 216689 216690 216691 216693 216694 216695 216696 216697 216698 216699 216700 216708 216701 216702 216703 216712 216713 216705 216715 216707 216709 216710 216711 216714 216716 216717 216718 216719 216720 216721 216722 216723 216724 216725 216726 216727 216728 216729 216735 216730 216731 216732 216733 216734 216736 216737 216738 216739 216740 216741 216742 216743 216744 216745 216746 216747 216748 216749 216750 216751 216752 216753 216754 216755 216756 216757 216758 216759 216760 216761 216762 216763 216769 216764 216771 216765 216766 216767 216768 216770 216772 216773 216774 216775 216776 216777 216778 216779 216780 216781 216782 216783 216784 216785 216786 216787 216788 216794 216789 216790 216791 216792 216793 216800 216801 216795 216796 216797 216798 216799 216802 216803 216804 216805 216806 216807 216808 216809 216815 216810 216817 216811 216812 216813 216814 216822 216816 216818 216819 216820 216821 216823 216829 216824 216825 216826 216827 216828 216835 216830 216837 216831 216832 216833 216841 216834 216843 216836 216838 216839 216840 216848 216842 216850 216844 216845 216846 216847 216849 216856 216851 216852 216859 216853 216854 216855 216857 216858 216860 216861 216862 216863 216864 216865 216866 216867 216868 216869 216870 216871 216872 216873 216874 216875 216876 216877 216878 216879 216880 216881 216887 216882 216883 216884 216885 216886 216888 216889 216895 216890 216891 216892 216893 216894 216896 216897 216898 216899 216900 216901 216902 216903 216904 216905 216906 216907 216908 216909 216910 216911 216912 216913 216914 216915 216916 216917 216918 216919 216920 216921 216922 216923 216924 216925 216926 216927 216928 216929 216930 216931 216932 216933 216934 216935 216936 216937 216938 216939 216940 216946 216941 216942 216943 216944 216945 216947 216948 216949 216955 216956 216950 216951 216952 216960 216953 216954 216957 216958 216959 216961 216962 216968 216963 216964 216965 216966 216967 216969 216970 216971 216972 216973 216974 216975 216976 216977 216978 216979 216980 216981 216982 216983 216984 216985 216986 216987 216988 216989 216995 216990 216991 216992 216993 216994 216996 216997 216998 216999 217000 217001 217002 217003 217004 217005 217006 217007 217008 217009 217010 217011 217012 217013 217014 217020 217015 217016 217017 217018 217019 217021 217022 217023 217024 217025 217026 217027 217028 217029 217030 217036 217031 217032 217033 217034 217041 217035 217037 217038 217039 217040 217047 217042 217043 217050 217044 217045 217046 217054 217048 217049 217051 217058 217052 217060 217053 217055 217056 217064 217057 217059 217061 217062 217069 217063 217065 217072 217073 217066 217067 217068 217070 217071 217079 217074 217081 217075 217076 217084 217077 217078 217080 217082 217083 217085 217086 217087 217093 217088 217089 217090 217097 217091 217092 217094 217095 217096 217098 217099 217100 217106 217101 217102 217103 217104 217105 217107 217108 217109 217110 217111 217112 217118 217113 217114 217115 217116 217117 217119 217120 217121 217122 217123 217124 217125 217126 217127 217128 217134 217129 217130 217131 217132 217133 217135 217136 217142 217137 217138 217139 217140 217141 217143 217144 217145 217146 217147 217148 217149 217150 217151 217152 217153 217154 217155 217156 217157 217158 217159 217160 217161 217162 217163 217164 217165 217166 217167 217168 217169 217170 217171 217172 217173 217174 217175 217176 217177 217178 217179 217180 217181 217182 217183 217184 217185 217186 217187 217188 217189 217190 217191 217192 217193 217194 217195 217196 217197 217198 217199 217200 217201 217202 217203 217204 217205 217206 217207 217208 217209 217210 217211 217212 217213 217214 217215 217216 217217 217218 217219 217220 217221 217222 217223 217224 217225 217226 217227 217228 217229 217230 217231 217232 217233 217234 217235 217236 217237 217238 217239 217240 217241 217242 217243 217244 217245 217246 217247 217248 217249 217250 217251 217252 217253 217254 217255 217256 217257 217258 217259 217260 217261 217262 217263 217264 217265 217266 217267 217268 217269 217270 217271 217272 217273 217274 217275 217276 217277 217278 217279 217280 217281 217282 217283 217284 217285 217286 217287 217288 217289 217290 217291 217292 217293 217294 217295 217296 217297 217298 217299 217300 217301 217302 217303 217304 217305 217306 217307 217308 217309 217310 217311 217312 217313 217314 217315 217316 217317 217318 217319 217320 217321 217322 217323 217324 217325 217326 217327 217328 217329 217330 217331 217332 217333 217334 217335 217336 217337 217338 217339 217340 217341 217342 217343 217344 217345 217346 217347 217348 217349 217350 217351 217353 217355 217356 217357 217358 217359 217360 217361 217362 217363 217364 217365 217366 217367 217368 217369 217370 217371 217373 217374 217375 217376 217377 217378 217379 217380 217382 217383 217384 217385 217386 217387 217389 217390 217391 217392 217393 217394 217395 217396 217388 217398 217399 217397 217401 217402 217403 217404 217405 217406 217407 217408 217409 217410 217411 217412 217413 217414 217415 217416 217417 217418 217419 217420 217421 217422 217423 217424 217425 217426 217427 217428 217429 217430 217431 217432 217433 217434 217435 217436 217437 217438 217439 217440 217441 217442 217443 217444 217445 217446 217447 217448 217449 217450 217451 217452 217453 217454 217455 217456 217457 217458 217459 217460 217461 217462 217463 217464 217465 217466 217467 217468 217469 217470 217471 217472 217473 217474 217475 217476 217477 217478 217479 217480 217481 217482 217483 217484 217485 217486 217487 217488 217489 217490 217491 217492 217493 217494 217495 217496 217497 217498 217499 217500 217501 217502 217503 217504 217505 217506 217507 217508 217509 217510 217511 217512 217513 217514 217515 217516 217517 217518 217519 217520 217521 217522 217523 217524 217525 217526 217527 217528 217529 217530 217531 217532 217533 217534 217535 217536 217537 217538 217539 217540 217541 217542 217543 217544 217545 217546 217547 217548 217549 217550 217551 217552 217553 217554 217555 217556 217557 217558 217559 217560 217561 217562 217563 217564 217565 217566 217567 217568 217569 217570 217571 217572 217573 217574 217575 217576 217577 217578 217579 217580 217581 217582 217583 217584 217585 217586 217587 217588 217589 217590 217591 217592 217593 217594 217595 217596 217597 217598 217599 217600 217601 217602 217603 217604 217605 217606 217607 217608 217609 217610 217611 217612 217613 217614 217615 217616 217617 217618 217619 217620 217621 217622 217623 217624 217625 217626 217627 217628 217629 217630 217631 217632 217633 217634 217635 217636 217637 217638 217639 217640 217641 217642 217643 217644 217645 217646 217647 217648 217649 217650 217651 217652 217653 217654 217655 217656 217657 217658 217659 217660 217661 217662 217663 217664 217665 217666 217667 217668 217669 217670 217671 217672 217673 217674 217675 217676 217677 217678 217679 217680 217681 217682 217683 217684 217685 217686 217687 217688 217689 217690 217691 217692 217693 217694 217695 217696 217697 217698 217699 217700 217701 217702 217703 217704 217705 217706 217707 217708 217709 217710 217711 217712 217713 217714 217715 217716 217717 217718 217719 217720 217721 217722 217723 217724 217725 217726 217727 217728 217729 217730 217731 217732 217733 217734 217735 217736 217737 217738 217739 217740 217741 217742 217743 217744 217745 217746 217747 217748 217749 217750 217751 217752 217753 217754 217755 217756 217757 217758 217759 217760 217761 217762 217763 217764 217765 217766 217767 217768 217769 217770 217771 217772 217773 217774 217775 217776 217777 217778 217779 217780 217781 217782 217783 217784 217785 217786 217787 217788 217789 217790 217791 217792 217793 217794 217795 217796 217797 217798 217799 217800 217801 217802 217803 217804 217805 217806 217807 217808 217809 217810 217811 217812 217813 217814 217815 217816 217817 217818 217819 217820 217821 217822 217823 217824 217825 217826 217827 217828 217829 217830 217831 217832 217833 217834 217835 217836 217837 217838 217839 217840 217841 217842 217843 217844 217845 217846 217847 217848 217849 217850 217851 217852 217853 217854 217855 217856 217857 217858 217859 217860 217861 217862 217863 217864 217865 217866 217867 217868 217869 217870 217871 217872 217873 217874 217875 217876 217877 217878 217879 217880 217881 217882 217883 217884 217885 217886 217887 217888 217889 217890 217891 217892 217893 217894 217895 217896 217897 217898 217899 217900 217901 217902 217903 217904 217905 217906 217907 217908 217909 217910 217911 217912 217913 217914 217915 217916 217917 217918 217919 217920 217921 217922 217923 217924 217925 217926 217927 217928 217929 217930 217931 217932 217933 217934 217935 217936 217937 217938 217939 217940 217941 217942 217943 217944 217945 217946 217947 217948 217949 217950 217951 217952 217953 217954 217955 217956 217957 217958 217959 217960 217961 217962 217963 217964 217965 217966 217967 217968 217969 217970 217971 217972 217973 217974 217975 217976 217977 217978 217979 217980 217981 217982 217983 217984 217985 217986 217987 217988 217989 217990 217991 217992 217993 217994 217995 217996 217997 217998 217999 218000 218001 218002 218003 218004 218005 218006 218007 218008 218009 218010 218011 218012 218013 218014 218015 218016 218017 218018 218019 218020 218021 218022 218023 218024 218025 218026 218027 218028 218029 218030 218031 218032 218033 218034 218035 218036 218037 218038 218039 218040 218041 218042 218043 218044 218045 218046 218047 218048 218049 218050 218051 218052 218053 218054 218055 218056 218057 218058 218059 218060 218061 218062 218063 218064 218065 218066 218067 218068 218069 218070 218071 218072 218073 218074 218075 218076 218077 218078 218079 218080 218081 218082 218083 218084 218085 218086 218087 218088 218089 218090 218091 218092 218093 218094 218095 218096 218097 218098 218099 218100 218101 218102 218103 218104 218105 218106 218107 218108 218109 218110 218111 218112 218113 218114 218115 218116 218117 218118 218119 218120 218121 218122 218123 218124 218125 218126 218127 218128 218129 218130 218131 218132 218133 218134 218135 218136 218137 218138 218139 218140 218141 218142 218143 218144 218145 218146 218147 218148 218149 218150 218151 218152 218153 218154 218155 218156 218157 218158 218159 218160 218161 218162 218163 218164 218165 218166 218167 218168 218169 218170 218171 218172 218173 218174 218175 218176 218177 218178 218179 218180 218181 218182 218183 218184 218185 218186 218187 218188 218189 218190 218191 218192 218193 218194 218195 218196 218197 218198 218199 218200 218201 218202 218203 218204 218205 218206 218207 218208 218209 218210 218211 218212 218213 218214 218215 218216 218217 218218 218219 218220 218221 218222 218223 218224 218225 218226 218227 218228 218229 218230 218231 218232 218233 218234 218235 218236 218237 218238 218239 218240 218241 218242 218243 218244 218245 218246 218247 218248 218249 218250 218251 218252 218253 218254 218255 218256 218257 218258 218259 218260 218261 218262 218263 218264 218265 218266 218267 218268 218269 218270 218271 218272 218273 218274 218275 218276 218277 218278 218279 218280 218281 218282 218283 218284 218285 218286 218287 218288 218289 218290 218291 218292 218293 218294 218295 218296 218297 218298 218299 218300 218301 218302 218303 218304 218305 218306 218307 218308 218309 218310 218311 218312 218313 218314 218315 218316 218317 218318 218319 218320 218321 218322 218323 218324 218325 218326 218327 218328 218329 218330 218331 218332 218333 218334 218335 218336 218337 218338 218339 218340 218341 218342 218343 218344 218345 218346 218347 218348 218349 218350 218351 218352 218353 218354 218355 218356 218357 218358 218359 218360 218361 218362 218363 218364 218365 218366 218367 218368 218369 218370 218371 218372 218373 218374 218375 218376 218377 218378 218379 218380 218381 218382 218383 218384 218385 218386 218387 218388 218389 218390 218391 218392 218393 218394 218395 218396 218397 218398 218399 218400 218401 218402 218403 218404 218405 218406 218407 218408 218409 218410 218411 218412 218413 218414 218415 218416 218417 218418 218419 218420 218421 218422 218423 218424 218425 218426 218427 218428 218429 218430 218431 218432 218433 218434 218435 218436 218437 218438 218439 218440 218441 218442 218443 218444 218445 218446 218447 218448 218449 218450 218451 218452 218453 218454 218455 218456 218457 218458 218459 218460 218461 218462 218463 218464 218465 218466 218467 218468 218469 218470 218471 218472 218473 218474 218475 218476 218477 218478 218479 218480 218481 218482 218483 218484 218485 218486 218487 218488 218489 218490 218491 218492 218493 218494 218495 218496 218497 218498 218499 218500 218501 218502 218503 218504 218505 218506 218507 218508 218509 218510 218511 218512 218513 218514 218515 218516 218517 218518 218519 218520 218521 218522 218523 218524 218525 218526 218527 218528 218529 218530 218531 218532 218533 218534 218535 218536 218537 218538 218539 218540 218541 218542 218543 218544 218545 218546 218547 218548 218549 218550 218551 218552 218553 218554 218555 218556 218557 218558 218559 218560 218561 218562 218563 218564 218565 218566 218567 218568 218569 218570 218571 218572 218573 218574 218575 218576 218577 218578 218579 218580 218581 218582 218583 218584 218585 218586 218587 218588 218589 218590 218591 218592 218593 218594 218595 218596 218597 218598 218599 218600 218601 218602 218603 218604 218605 218606 218607 218608 218609 218610 218611 218612 218613 218614 218615 218616 218617 218618 218619 218620 218621 218622 218623 218624 218625 218626 218627 218628 218629 218630 218631 218632 218633 218634 218635 218636 218637 218638 218639 218640 218641 218642 218643 218644 218645 218646 218647 218648 218649 218650 218651 218652 218653 218654 218655 218656 218657 218658 218659 218660 218661 218662 218663 218664 218665 218666 218667 218668 218669 218670 218671 218672 218673 218674 218675 218676 218677 218678 218679 218680 218681 218682 218683 218684 218685 218686 218687 218688 218689 218690 218691 218692 218693 218694 218695 218696 218697 218698 218699 218700 218701 218702 218703 218704 218705 218706 218707 218708 218709 218710 218711 218712 218713 218714 218715 218716 218717 218718 218719 218720 218721 218722 218723 218724 218725 218726 218727 218728 218729 218730 218731 218732 218733 218734 218735 218736 218737 218738 218739 218740 218741 218742 218743 218744 218745 218746 218747 218748 218749 218750 218751 218752 218753 218754 218755 218756 218757 218758 218759 218760 218761 218762 218763 218764 218765 218766 218767 218768 218769 218770 218771 218772 218773 218774 218775 218776 218777 218778 218779 218780 218781 218782 218783 218784 218785 218786 218787 218788 218789 218790 218791 218792 218793 218794 218795 218796 218797 218798 218799 218800 218801 218802 218803 218804 218805 218806 218807 218808 218809 218810 218811 218812 218813 218814 218815 218816 218817 218818 218819 218820 218821 218822 218823 218824 218825 218826 218827 218828 218829 218830 218831 218832 218833 218834 218835 218836 218837 218838 218839 218840 218841 218842 218843 218844 218845 218846 218847 218848 218849 218850 218851 218852 218853 218854 218855 218856 218857 218858 218859 218860 218861 218862 218863 218864 218865 218866 218867 218868 218869 218870 218871 218872 218873 218874 218875 218876 218877 218878 218879 218880 218881 218882 218883 218884 218885 218886 218887 218888 218889 218890 218891 218892 218893 218894 218895 218896 218897 218898 218899 218900 218901 218902 218903 218904 218905 218906 218907 218908 218909 218910 218911 218912 218913 218914 218915 218916 218917 218918 218919 218920 218921 218922 218923 218924 218925 218926 218927 218928 218929 218930 218931 218932 218933 218934 218935 218936 218937 218938 218939 218940 218941 218942 218943 218944 218945 218946 218947 218948 218949 218950 218951 218952 218953 218954 218955 218956 218957 218958 218959 218960 218961 218962 218963 218964 218965 218966 218967 218968 218969 218970 218971 218972 218973 218974 218975 218976 218977 218978 218979 218980 218981 218982 218983 218984 218985 218986 218987 218988 218989 218990 218991 218992 218993 218994 218995 218996 218997 218998 218999 219000 219001 219002 219003 219004 219005 219006 219007 219008 219009 219010 219011 219012 219013 219014 219015 219016 219017 219018 219019 219020 219021 219022 219023 219024 219025 219026 219027 219028 219029 219030 219031 219032 219033 219034 219035 219036 219037 219038 219039 219040 219041 219042 219043 219044 219045 219046 219047 219048 219049 219050 219051 219052 219053 219054 219055 219056 219057 219058 219059 219060 219061 219062 219063 219064 219065 219066 219067 219068 219069 219070 219071 219072 219073 219074 219075 219076 219077 219078 219079 219080 219081 219082 219083 219084 219085 219086 219087 219088 219089 219090 219091 219092 219093 219094 219095 219096 219097 219098 219099 219100 219101 219102 219103 219104 219105 219106 219107 219108 219109 219110 219111 219112 219113 219114 219115 219116 219117 219118 219119 219120 219121 219122 219123 219124 219125 219126 219127 219128 219129 219130 219131 219132 219133 219134 219135 219136 219137 219138 219139 219140 219141 219142 219143 219144 219145 219146 219147 219148 219149 219150 219151 219152 219153 219154 219155 219156 219157 219158 219159 219160 219161 219162 219163 219164 219165 219166 219167 219168 219169 219170 219171 219172 219173 219174 219175 219176 219177 219178 219179 219180 219181 219182 219183 219184 219185 219186 219187 219188 219189 219190 219191 219192 219193 219194 219195 219196 88123 88124 88126 219200 219197 219198 219199 88132 219201 219202 219203 88136 88137 219204 219205 219212 219213 219206 219207 219208 219209 219210 219211 219214 88149 88150 219215 219216 219217 219226 219218 219219 219220 219221 219222 219223 219224 219225 88163 219227 219228 219229 219230 219231 219232 219233 219234 219235 219236 219237 219238 219239 219240 88178 219242 219243 219244 219245 219246 219247 219248 219249 219250 88188 219252 219253 219254 219255 219256 219257 219258 219259 219260 219261 219262 219263 219264 219265 219266 219267 219268 219269 219270 219271 219272 219273 219274 219275 219276 219277 219278 219279 219280 219281 88219 219283 219284 219285 219286 219287 219288 219289 219290 219291 219292 219293 219294 219295 219296 219297 219298 219299 219300 219301 219302 219303 219304 219305 88243 219307 219308 219309 219310 219311 219312 219313 88251 219315 219316 219317 219318 219319 219320 219321 219322 219323 219324 219325 219326 219327 219328 88266 219330 219331 219332 219333 219334 219335 88273 219337 219338 219339 219340 219341 219351 88279 219344 219345 219346 219347 219357 219349 219350 88288 219352 219353 219354 219355 219356 219366 88294 219359 219369 219361 219362 219372 219364 219365 88303 219367 219368 88306 219370 219371 88309 219373 219374 219375 219376 219377 219378 219379 219380 219381 219382 219383 219384 219385 219386 219387 219388 219389 219390 219391 219392 219393 219394 219395 219396 219397 219398 219399 219400 219401 219402 219403 219404 219405 219406 219407 219408 219409 219410 219411 219412 219413 219414 219415 219416 219417 219418 219419 219420 219421 219422 219423 219424 219425 219426 219427 219428 219429 219430 219431 219432 219433 219434 219435 219436 219437 219438 219439 219440 219441 219442 219443 219444 219445 219446 219447 219448 219449 219450 219451 219452 219453 219454 219455 219456 219457 219458 219459 219460 219461 219462 219463 219464 219465 219466 219467 219468 219469 219470 219471 219472 219473 219474 219475 219476 219477 219478 219479 219480 219481 219482 219483 219484 219485 219486 219487 219488 219489 219490 219491 219492 219493 219494 219495 219496 219497 219498 219499 219500 219501 219502 219503 219504 219505 219506 219507 219508 219509 219510 219511 219512 219513 219514 219515 219516 219517 219518 219519 219520 219521 219522 219523 219524 219525 219526 219527 219528 219529 219530 219531 219532 219533 219534 219535 219536 219537 219538 219539 219540 219541 219542 219543 219544 219545 219546 219547 219548 219549 219550 219551 219552 219553 219554 219555 219556 219557 219558 219559 219560 219561 219562 219563 219564 219565 219566 219567 219568 219569 219570 219571 219572 219573 219574 219575 219576 219577 219578 219579 219580 219581 219582 219583 219584 219585 219586 219587 219588 219589 219590 219591 219592 219593 219594 219595 219596 219597 219598 219599 219600 219601 219602 219603 219604 219605 219606 219607 219608 219609 219610 219611 219612 219613 219614 219615 219616 219617 219618 219619 219620 219621 219622 219623 219624 219625 219626 219627 219628 219629 219630 219631 219632 219633 219634 219635 219636 219637 219638 219639 219640 219641 219642 219643 219644 219645 219646 219647 219648 219649 219650 219651 219652 219653 219654 219655 219656 219657 219658 219659 219660 219661 219662 219663 219664 219665 219666 219667 219668 219669 219670 219671 219672 219673 219674 219675 219676 219677 219678 219679 219680 219681 219682 219683 219684 219685 219686 219687 219688 219689 219690 219691 219692 219693 219694 219695 219696 219697 219698 219699 219700 219701 219702 219703 219704 219705 219706 219707 219708 219709 219710 219711 219712 219713 219714 219715 219716 219717 219718 219719 219720 219721 219722 219723 219724 219725 219726 219727 219728 219729 219730 219731 219732 219733 219734 219735 219736 219737 219738 219739 219740 219741 219742 219743 219744 219745 219746 219747 219748 219749 219750 219751 219752 219753 219754 219755 219756 219757 219758 219759 219760 219761 219762 219763 219764 219765 219766 219767 219768 219769 219770 219771 219772 219773 219774 219775 219776 219778 219779 219781 219782 219784 219785 219786 219787 219788 219789 219790 219791 219792 219793 219794 219795 219796 219800 219801 219802 219803 219804 219805 219806 219807 219809 219810 219811 219814 219815 219816 219808 219818 219819 219820 219821 219822 219823 219824 219825 219826 219827 219828 219829 219830 219831 219832 219833 219834 219835 219836 219837 219838 219839 219840 219841 219842 219843 219844 219845 219846 219847 219848 219849 219850 219851 219852 219853 219854 219855 219856 219857 219858 219859 219860 219861 219862 219863 219864 219865 219866 219867 219868 219869 219870 219871 219872 219873 219874 219875 219876 219877 219878 219879 219880 219881 219882 219883 219884 219885 219886 219887 219888 219889 219890 219891 219892 219893 219894 219895 219896 219897 219898 219899 219900 219901 219902 219903 219904 219905 219906 219907 219908 219909 219910 219911 219912 219913 219914 219915 219916 219917 219918 219919 219920 219921 219922 219923 219924 219925 219926 219927 219928 219929 219930 219931 219932 219933 219934 219935 219936 219937 219938 219939 219940 219941 219942 219943 219944 219945 219946 219947 219948 219949 219950 219951 219952 219953 219954 219955 219956 219957 219958 219959 219960 219961 219962 219963 219964 219965 219966 219967 219968 219969 219970 219971 219972 219973 219974 219975 219976 219977 219978 219979 219980 219981 219982 219983 219984 219985 219986 219987 219988 219989 219990 219991 219992 219993 219994 219995 219996 219997 219998 219999 220000 220001 220002 220003 220004 220005 220006 220007 220008 220009 220010 220011 220012 220013 220014 220015 220016 220017 220018 220019 220020 220021 220022 220023 220024 220025 220026 220027 220028 220029 220030 220031 220032 220033 220034 220035 220036 220037 220038 220039 220040 220041 220042 220043 220044 220045 220046 220047 220048 220049 220050 220051 220052 220053 220054 220055 220056 220057 220058 220059 220060 220061 220062 220063 220064 220065 220066 220067 220068 220069 220070 220071 220072 220073 220074 220075 220076 220077 220078 220079 220080 220081 220082 220083 220084 220085 220086 220087 220088 220089 220090 220091 220092 220093 220094 220095 220096 220097 220098 220099 220100 220101 220102 220103 220104 220105 220106 220107 220108 220109 220110 220111 220112 220113 220114 220115 220116 220117 220118 220119 220120 220121 220122 220123 220124 220125 220126 220127 220128 220129 220130 220131 220132 220133 220134 220135 220136 220137 220138 220139 220140 220141 220142 220143 220144 220145 220146 220147 220148 220149 220150 220151 220152 220153 220154 220155 220156 220157 220158 220159 220160 220161 220162 220163 220164 220165 220166 220167 220168 220169 220170 220171 220172 220173 220174 220175 220176 220177 220178 220179 220180 220181 220182 220183 220184 220185 220186 220187 220188 220189 220190 220191 220202 220203 220204 220205 220206 220207 220208 220209 220210 220211 220212 220213 220214 220215 220216 220217 220218 220219 220220 220221 220222 220223 220224 220225 220226 220227 220228 220229 220230 220231 220232 220233 220234 220235 220236 220237 220238 220239 220240 220241 220242 220243 220244 220245 220246 220247 220248 220249 220250 220251 220252 220253 220254 220255 220256 220257 220258 220259 220260 220261 220262 220263 220264 220265 220266 220267 220268 220269 220270 220271 220272 220273 220274 220275 220276 220277 220278 220279 220280 220281 220282 220283 220284 220285 220286 220287 220288 220289 220290 220291 220292 220293 220294 220295 220296 220297 220298 220299 220300 220301 220302 220303 220304 220305 220306 220307 220308 220309 220310 220311 220312 220313 220314 220315 220316 220317 220318 220319 220320 220321 220322 220323 220324 220325 220326 220327 220328 220329 220330 220331 220332 220333 220334 220335 220336 220337 220338 220339 220340 220341 220342 220343 220344 220345 220346 220347 220348 220349 220350 220351 220352 220353 220354 220355 220356 220357 220358 220359 220360 220361 220362 220363 220364 220365 220366 220367 220368 220369 220370 220371 220372 220373 220374 220375 220376 220377 220378 220379 220380 220381 220382 220383 220384 220385 220386 220387 220388 220389 220390 220391 220392 220393 220394 220395 220396 220397 220398 220399 220400 220401 220402 220403 220404 220405 220406 220407 220408 220409 220410 220411 220412 220413 220414 220415 220416 220417 220418 220419 220420 220421 220422 220423 220424 220425 220426 220427 220428 220429 220430 220431 220432 220433 220434 220435 220436 220437 220438 220439 220440 220441 220442 220443 220444 220445 220446 220447 220448 220449 220450 220451 220452 220453 220454 220455 220456 220457 220458 220459 220460 220461 220462 220463 220464 220465 220466 220467 220468 220469 220470 220471 220472 220473 220474 220475 220476 220477 220478 220479 220480 220481 220482 220483 220484 220485 220486 220487 220488 220489 220490 220491 220492 220493 220494 220495 220496 220497 220498 220499 220500 220501 220502 220503 220504 220505 220506 220507 220508 220509 220510 220511 220512 220513 220514 220515 220516 220517 220518 220519 220520 220521 220522 220523 220524 220525 220526 220527 220528 220529 220530 220531 220532 220533 220534 220535 220536 220537 220538 220539 220540 220541 220542 220543 220544 220545 220546 220547 220548 220549 220550 220551 220552 220553 220554 220555 220556 220557 220558 220559 220560 220561 220562 220563 220564 220565 220566 220567 220568 220569 220570 220571 220572 220573 220574 220575 220576 220577 220578 220579 220580 220581 220582 220583 220584 220585 220586 220587 220588 220589 220590 220591 220592 220593 220594 220595 220596 220597 220598 220599 220600 220601 220602 220603 220604 220605 220606 220607 220608 220609 220610 220611 220612 220613 220614 220615 220616 220617 220618 220619 220620 220621 220622 220623 220624 220625 220626 220627 220628 220629 220630 220631 220632 220633 220634 220635 220636 220637 220638 220639 220640 220641 220642 220643 220644 220645 220646 220647 220648 220649 220650 220651 220652 220653 220654 220655 220656 220657 220658 220659 220660 220661 220662 220663 220664 220665 220666 220667 220668 220669 220670 220671 220672 220673 220674 220675 220676 220677 220678 220679 220680 220681 220682 220683 220684 220685 220686 220687 220688 220689 220690 220691 220692 220693 220694 220695 220696 220697 220698 220699 220700 220701 220702 220703 220704 220705 220706 220707 220708 220709 220710 220711 220712 220713 220714 220715 220716 220717 220718 220719 220720 220721 220722 220723 220724 220725 220726 220727 220728 220729 220730 220731 220732 220733 220734 220735 220736 220737 220738 220739 220740 220741 220742 220743 220744 220745 220746 220747 220748 220749 220750 220751 220752 220753 220754 220755 220756 220757 220758 220759 220760 220761 220762 220763 220764 220765 220766 220767 220768 220769 220770 220771 220772 220773 220774 220775 220776 220777 220778 220779 220780 220781 220782 220783 220784 220785 220786 220787 220788 220789 220790 220791 220792 220793 220794 220795 220796 220797 220798 220799 220800 220801 220802 220803 220804 220805 220806 220807 220808 220809 220810 220811 220812 220813 220814 220815 220816 220817 220818 220819 220820 220821 220822 220823 220824 220825 220826 220827 220828 220829 220830 220831 220832 220833 220834 220835 220836 220837 220838 220839 220840 220841 220842 220843 220844 220845 220846 220847 220848 220849 220850 220851 220852 220853 220854 220855 220856 220857 220858 220859 220860 220861 220862 220863 220864 220865 220866 220867 220868 220869 220870 220871 220872 220873 220874 220875 220876 220877 220878 220879 220880 220881 220882 220883 220884 220885 220886 220887 220888 220889 220890 220891 220892 220893 220894 220895 220896 220897 220898 220899 220900 220901 220902 220903 220904 220905 220906 220907 220908 220909 220910 220911 220912 220913 220914 220915 220916 220917 220918 220919 220920 220921 220922 220923 220924 220925 220926 220927 220928 220929 220930 220931 220932 220933 220934 220935 220936 220937 220938 220939 220940 220941 220942 220943 220944 220945 220946 220947 220948 220949 220950 220951 220952 220953 220954 220955 220956 220957 220958 220959 220960 220961 220962 220963 220964 220965 220966 220967 220968 220969 220970 220971 220972 220973 220974 220975 220976 220977 220978 220979 220980 220981 220982 220983 220984 220985 89914 220986 220987 220988 220989 220990 220991 220992 220993 220994 220995 220996 220997 220998 220999 221000 221001 221002 221003 221004 221005 221006 221007 221008 221010 221011 221012 221013 221014 221015 221016 221017 221018 221019 221020 221021 221022 221023 221024 221025 221026 221027 221028 221029 221030 221031 221032 221033 221034 221035 221036 221037 221038 221039 221040 221041 221042 221043 221044 221045 221046 221047 221048 221049 221050 221051 221052 221053 221054 221055 221056 221057 221058 221059 221060 221061 221062 221063 221064 221065 221066 221067 221068 221069 221070 221071 221072 221073 221074 221075 221076 221077 221078 221079 221080 221081 221082 221083 221084 221085 221086 221087 221088 221089 221090 221091 221092 221093 221094 221095 221096 221097 221098 221099 221100 221101 221102 221103 221104 221105 221106 221107 221108 221109 221110 221111 221112 221113 221114 221115 221116 221117 221118 221119 221120 221121 221122 221123 221124 221125 221126 221127 221128 221129 90058 221131 90060 221132 221133 221134 221135 221137 221138 221130 221140 221141 221142 221143 221144 221145 221146 221147 90076 221148 221150 221151 221152 221149 221154 221153 221155 221157 221158 221159 221160 221161 90090 221162 221163 221164 221166 221167 221165 221169 221170 221168 221172 221173 221174 221175 221176 221177 221178 221179 90108 221180 221181 221182 221183 221184 221186 221185 221187 221189 221188 221191 221192 221193 221190 221195 221196 90125 221197 221198 221199 221200 221201 221202 221203 221204 221205 221206 221207 221208 221209 221210 221212 221213 221214 221215 221216 221217 221218 221219 90148 221220 221221 221223 221224 221225 221222 221227 221228 221229 221230 90159 221232 221233 221234 90163 221235 221236 221237 221238 90168 221240 221241 90171 221242 221244 221245 221247 90176 221249 221250 221251 90180 221252 221253 90183 221254 90185 221255 221256 221257 221258 221259 221260 221261 221262 221263 221264 221265 221267 221268 221270 221271 221272 221273 90203 221274 221275 90206 221276 221277 221278 221279 221282 221283 221284 221285 221286 221287 90217 90218 221288 221289 221290 221291 221293 221294 221295 221296 221297 221298 90229 221299 221302 221303 221304 221305 221306 221308 90237 90238 221310 221311 221307 221314 221315 221316 221317 90246 221319 221312 90249 90250 221321 221322 221323 221325 90255 221326 90257 221327 221329 221330 90261 221332 90263 221334 90265 221335 221336 90268 221337 90270 221338 221339 221340 221341 221342 221343 221345 221346 221347 221348 90281 221349 221352 221353 221354 221355 90287 90288 221357 221358 221359 221360 90293 221361 90295 221362 221363 221364 221365 221366 221367 221369 221370 221371 221372 90306 221374 221375 221376 90310 221378 221380 221381 90314 221382 90316 221383 221384 221385 221388 221389 221390 90323 221391 221392 221393 221394 221395 221397 221398 221399 221400 90333 221401 90335 221403 221404 221405 90339 221406 221407 221409 221410 221412 90345 221413 221414 90348 221415 221416 221417 221418 221419 221420 221422 221423 221424 221425 221426 221427 221428 221429 90363 221430 90365 221432 221433 221434 221435 221436 221437 221438 221439 221440 221441 221442 221443 221444 221445 221446 221447 221448 221449 221450 221451 221452 221453 221454 221455 221456 221463 221457 221458 221459 221460 221461 221462 221470 221471 90400 221464 221465 221466 221467 221477 221469 90407 221472 221473 221474 221475 221476 221478 90414 221479 221480 221481 221482 221483 221484 221485 221486 221487 221488 221489 221490 221491 221492 221493 221494 221503 221495 221496 221497 221498 221508 221500 221501 221502 221504 221505 221506 221507 221509 90445 221510 221519 221511 221521 221513 221523 221524 221516 221517 221518 90456 221529 90458 221522 90460 221533 221534 90461 221527 221528 90466 221530 221531 221532 90470 221543 90471 221545 221537 221538 221548 221549 221541 221542 221552 221544 90482 221546 221547 90485 90486 221550 221551 90489 221553 221554 221555 221556 221557 221558 221559 221560 221561 221562 221563 221564 221565 221566 221567 221568 221569 221570 221571 221572 221573 221574 221584 221576 221577 221578 221579 221580 221581 221582 221583 90521 221585 221586 221587 221597 221589 221590 221591 221592 221593 221594 221595 221596 221598 221599 221600 221601 221602 221603 221604 221605 221606 221607 221608 221617 221609 221610 221620 221621 221622 221623 221624 221625 221618 221619 221628 221626 221630 221631 221632 221633 221634 221635 221636 221637 90560 90559 221640 221641 221642 221643 221644 221645 90567 90570 221648 90577 221650 221651 221652 221653 221654 221655 221656 90578 90579 90587 90588 221657 221662 221658 221664 221659 221660 221661 221663 221669 221665 90599 221672 90601 221674 221666 221676 221677 221678 221679 221671 221681 221682 221683 221684 221685 90609 221687 90614 221680 221686 221691 221688 221693 221694 90621 221696 90622 221689 221699 221692 221701 221695 221703 221704 221697 221706 221698 221708 221709 221710 221711 221712 221705 221714 221707 221716 221717 221718 221719 221720 221713 221722 221723 221724 221721 221725 221726 221727 221728 221729 90659 90660 221733 221734 221730 221731 221732 221738 221739 221740 221741 221742 221743 221744 221745 221746 221747 221748 90677 221749 221750 221751 221752 221754 221755 221753 221756 221758 221759 221760 221757 221761 221762 221763 221765 221766 221767 221768 221764 221769 221770 221772 221773 221774 221771 221775 221776 221778 221779 221777 221780 221781 221783 221782 221785 221784 221786 221787 221788 221789 221791 221790 221792 221793 221794 221795 221797 221798 221799 221800 221801 221796 221802 221804 221803 221805 221806 221807 221808 221810 221809 221811 221812 221813 221814 221816 221817 221818 221815 221819 221821 221822 221820 221823 221824 221825 221827 221828 221826 221829 221830 221831 221833 221832 221834 221835 221836 221838 221837 221840 221839 221841 221842 221843 221845 221844 221846 221847 221848 221849 221850 221852 221851 221854 221853 221855 221856 221857 221859 221858 221860 221861 221862 221863 221865 221864 221866 221867 221868 221869 221870 221871 221873 221872 221874 221875 221876 221878 221877 221879 221880 221881 221882 221883 221884 221886 221887 221885 221888 221889 221890 221892 221891 221893 221895 221894 221897 221898 221896 221899 221900 221901 221902 221903 221904 221905 221906 221907 221908 221909 221910 221911 221912 221913 221914 221915 221916 221917 221918 221919 221920 221922 221921 221923 221924 221925 221926 221927 221928 221929 221930 221931 221932 221933 221934 221935 221936 221937 221938 221939 221940 221941 221942 221943 221944 221946 221945 221947 221948 221949 221951 221950 221952 221954 221953 221955 221956 221958 221957 221959 221960 221962 221961 221963 221964 221965 221966 221967 221968 221969 221970 221971 221972 221974 221975 221973 221976 221977 221978 221979 221980 221981 221982 221983 221985 221984 221986 221988 221989 221987 221990 221991 221992 221993 221994 221995 221997 221996 221998 221999 222000 222001 222002 222003 222004 222005 222006 222007 222008 222010 222009 222011 222012 222013 222014 222015 222016 222018 222017 222019 222020 222022 222023 222021 222024 222025 222026 222027 222028 222029 222030 222031 222032 222033 222034 222035 222036 222038 222037 222039 222040 222042 222041 222043 222044 222045 222046 222047 222048 222049 222050 222052 222051 222053 222054 222055 222056 222057 222058 222059 222060 222061 222062 222063 222064 222065 222066 222067 222068 222069 222070 222071 222072 222073 222074 222075 222077 222076 222078 222079 222080 222081 222082 222083 222084 222085 222086 222087 222088 222089 222090 222091 222092 222093 222094 222095 222096 222097 222098 222099 222100 222101 222102 222103 222104 222105 222106 222107 222108 222109 222110 222111 222112 222113 222114 222115 222116 222117 222118 222119 222120 222121 222122 222123 222124 222125 222126 222127 222128 222129 222130 222131 222132 222133 222134 222135 222136 222137 222138 222139 222140 222141 222142 222143 222144 222145 222146 222147 222148 222150 222149 222151 222152 222153 222154 222155 222156 222157 222158 222159 222160 222161 222162 222163 222164 222165 222166 222167 222168 222169 222170 222171 222172 222173 222174 222175 222176 222177 222178 222179 222181 222180 222182 222183 222184 222185 222186 222187 222188 222189 222190 222191 222192 222193 222194 222195 222196 222197 222199 222200 222198 222202 222203 222201 222204 222205 222206 222207 222208 222209 222210 222211 222212 222213 222214 222215 222216 222218 222217 222219 222221 222220 222223 222222 222225 222226 222224 222227 222228 222229 222230 222231 222232 222233 222234 222235 222236 222237 222239 222238 222240 222241 222242 222244 222243 222245 222247 222246 222248 222249 222250 222251 222252 222254 222253 222255 222257 222256 222258 222259 222260 222261 222262 222263 222264 222266 222265 222267 222268 222269 222270 222272 222271 222273 222274 222276 222277 222278 222275 91213 91230 91248 91254 91255 91257 91258 91259 91270 222344 91273 222345 222346 222347 91277 222348 222349 222350 222351 91282 222352 222353 222354 222355 222356 222357 222358 222359 222360 222361 222362 222363 222364 222365 222366 222367 222368 222369 222370 91302 222371 222372 222373 222374 222375 91308 222376 222377 222378 91312 222379 222380 91315 222381 222382 222383 91319 222384 222385 222386 222387 222388 222389 91326 222390 222391 222392 222403 222404 222405 222406 91335 222407 222408 222409 222410 91340 222411 222412 222413 222414 222415 222416 222417 222418 222419 222420 222421 222422 222423 91354 222424 222425 222426 222427 222428 222429 222430 222431 222432 222433 91365 222434 222435 222436 222437 222438 222439 222440 222441 91374 222442 222443 222444 222445 222446 222447 222448 222449 222450 222451 222452 222453 222454 222455 222457 222458 222459 222460 222461 222462 222463 222464 222465 222466 222467 222468 222469 222470 222471 222472 222473 222474 222475 222476 222477 222478 222479 222480 222481 222482 222483 222484 222485 222486 222487 222488 222489 222490 222491 222492 222493 222494 222495 222496 222497 222498 222499 222500 222501 222502 222503 222504 222505 222506 222507 222508 222509 222510 222511 222512 222513 222514 222515 222516 222517 222518 222519 222520 222521 222522 222523 222524 222525 222526 222527 222528 222529 222530 222531 222532 222533 222538 222534 222535 222536 222537 222539 222540 222541 222542 222543 222544 222545 222546 222547 222548 222553 222549 222550 222551 222552 222554 222555 222556 222557 222558 222559 222560 222561 222562 222563 222564 222565 222566 222567 222568 222569 222570 222571 222572 222573 222574 222575 222576 222577 222582 222578 222579 222580 222581 222587 222583 222584 222585 222586 222588 222589 222590 222591 222592 222593 222594 222595 222596 222597 222598 222599 222600 222601 222602 222603 222608 222604 222605 222606 222607 222609 222610 222611 222612 222617 222618 222613 222614 222615 222616 222619 222620 222621 222622 222623 222624 222625 222626 222627 222628 222629 222630 222631 222713 222714 222715 222716 222717 222718 222719 222720 222721 222722 222723 222724 222725 222726 222727 222728 222729 222730 222731 222732 222733 222734 222735 222736 222737 222738 222739 222740 222741 222742 222743 222744 222745 222746 222747 222748 222749 222750 222751 222752 222753 222754 222755 222756 222757 222758 222759 222760 222761 222762 222763 222764 222765 222766 222767 222768 222769 222770 222771 222772 222773 222774 222775 222776 222777 222778 222779 222780 222781 222782 222783 222784 222785 222786 222787 222788 222789 222790 222791 222792 222793 222794 222795 222796 222797 222798 222799 222800 222801 222802 222803 222804 222805 222806 222807 222808 222809 222810 222811 222812 222813 222814 222815 222816 222817 222818 222819 222820 222821 222822 222823 222824 222825 222826 222827 222828 222829 222830 222831 222832 222833 222834 222835 222836 222837 222838 222839 222840 222841 222842 222843 222844 222845 222846 222847 222848 222849 222850 222851 222852 222853 222854 222855 222856 222857 222858 222859 222860 222861 222862 222863 222864 222865 222866 222867 222868 222869 222870 222871 222872 222873 222874 222875 222876 222877 222878 222879 222880 222881 222882 222883 222884 222885 222886 222887 222888 222889 222890 222891 222892 222893 222894 222895 222896 222897 222898 222899 222900 222901 222902 222903 222904 222905 222906 222907 222908 222909 222910 222911 222912 222913 222914 222915 222916 222917 222918 222919 222920 222921 222922 222923 222924 222925 222926 222927 222928 222929 222930 222931 222932 222933 222934 222935 222936 222937 222938 222939 222940 222941 222942 222943 222944 222945 222946 222953 222954 222955 222956 222957 222958 222959 222960 222961 222962 222963 222964 222965 222966 222967 222968 222969 222970 222971 222972 222973 222974 222975 222976 222977 222978 222979 222980 222981 222982 222983 222984 222985 222986 222987 222988 222989 222990 222991 222992 222993 222994 222995 222996 222997 222998 222999 223000 223001 223002 223003 223004 223005 223006 223007 223008 223009 223010 223011 223012 223013 223014 223015 223016 223017 223018 223019 223020 223021 223022 223023 223024 223025 223026 223027 223028 223029 223030 223031 223032 223033 223034 223035 223036 223037 223038 223039 223040 223041 223042 223043 223044 223045 223046 223047 223048 223049 223050 223051 223052 223053 223054 223055 223056 223057 223058 223059 223060 223061 223062 223063 223064 223065 223066 223067 223068 223069 223070 223071 223072 223073 223074 223075 223076 223077 223078 223079 223080 223081 223082 223083 223084 223085 223086 223087 223088 223089 223090 223091 223092 223093 223094 223095 223096 223097 223098 223099 223100 223101 223102 223103 223104 223105 223106 223107 223108 223109 223110 223111 223112 223113 223114 223115 223116 223117 223118 223119 223120 223121 223122 223123 223124 223125 223126 223127 223128 223129 223130 223131 223132 223133 223134 223135 223136 223137 223138 223139 223140 223141 223142 223143 223144 223145 223146 223147 223148 223149 223150 223151 223152 223153 223154 223155 223156 223157 223158 223159 223160 223161 223162 223163 223164 223165 223166 223167 223168 223169 223170 223171 223172 223173 223174 223175 223176 223177 223178 223179 223180 223181 223182 223183 223184 223185 223186 223187 223188 223189 223190 223191 223192 223193 223194 223195 223196 223197 223198 223199 223200 223201 223202 223203 223204 223205 223206 223207 223208 223209 223210 223211 223212 223213 223214 223215 223216 223217 223218 223219 223220 223221 223222 223223 223224 223225 223226 223227 223228 223229 223230 223231 223232 223233 223234 223235 223236 223237 223238 223239 223240 223241 223242 223243 223244 223245 223246 223247 223248 223249 223250 223251 223252 223253 223254 223255 223256 223257 223258 223259 223260 223261 223262 223263 223264 223265 223266 223267 223268 223269 223270 223271 223272 223273 223274 223275 223276 223277 223278 223279 223280 223281 223282 223283 223284 223285 223286 223287 223288 223289 223290 223291 223292 223293 223294 223295 223296 223297 223298 223299 223300 223301 223302 223303 223304 223305 223306 223307 223308 223309 223310 223311 223312 223313 223314 223315 223316 223317 223318 223319 223320 223321 223322 223323 223324 223325 223326 223327 223328 223329 223330 223331 223332 223333 223334 223335 223336 223337 223338 223339 223340 223341 223342 223343 223344 223345 223346 223347 223348 223349 223350 223351 223352 223353 223354 223355 223356 223357 223358 223359 223360 223361 223362 223363 223364 223365 223366 223367 223368 223369 223370 223371 223372 223373 223374 223375 223376 223377 223378 223379 223380 223381 223382 223383 223384 223385 223386 223387 223388 223389 223390 223391 223392 223393 223394 223395 223396 223397 223398 223399 223400 223401 223402 223403 223404 223405 223406 223407 223408 223409 223410 223411 223412 223413 223414 223415 223416 223417 223418 223419 223420 223421 223422 223423 223424 223425 223426 223427 223428 223429 223430 223431 223432 223433 223434 223435 223436 223437 223438 223439 223440 223441 223442 223443 223444 223445 223446 223447 223448 223449 223450 223451 223452 223453 223454 223455 223456 223457 223458 223459 223460 223461 223462 223463 223464 223465 223466 223467 223468 223469 223470 223471 223472 223473 223474 223475 223476 223477 223478 223479 223480 223481 223482 223483 223484 223485 223486 223487 223488 223489 223490 223491 223492 223493 223494 223495 223496 223497 223498 223499 223500 223501 223502 223503 223504 223505 223506 223507 223508 223509 223510 223511 223512 223513 223514 223515 223522 223523 223524 223525 223526 223527 223528 223529 223530 223531 223532 223533 223534 223535 223536 223537 223538 223539 223540 223541 223542 223543 223544 223545 223546 223547 223548 223549 223550 223551 223552 223553 223554 223555 223556 223557 223558 223559 223560 223561 223562 223563 223564 223565 223566 223567 223568 223569 223570 223571 223572 223573 223574 223575 223576 223577 223578 223579 223580 223581 223582 223583 223584 223585 223586 223587 223588 223589 223590 223591 223592 223593 223594 223595 223596 223597 223598 223599 223600 223601 223602 223603 223604 223605 223606 223607 223608 223609 223610 223611 223612 223613 223614 223615 223616 223617 92546 223618 223619 223620 223621 223622 223623 223624 223625 223626 223627 223628 223629 223630 223631 223632 223633 223634 223635 223636 223637 223638 223639 223640 223641 223642 223643 223644 223645 223646 223647 223648 223649 223650 223651 223652 223653 223654 223655 223656 223657 223658 223659 223660 223661 223662 223663 223664 223665 223666 223667 223668 223669 223670 223671 223672 223673 223674 223675 223676 223677 223679 223680 223678 223681 223682 223683 223684 223685 223686 223687 223688 223689 223690 223691 223692 223693 223694 223695 223696 223697 223698 223699 223700 223701 223702 223703 223704 223705 223706 223707 223708 223709 223710 223711 223712 223713 223714 223716 223717 223718 223719 223720 223721 223722 223723 223724 223725 223726 223727 223728 223729 223730 223731 223732 223733 223734 223735 223736 223737 223738 223739 223740 223741 223742 223743 223744 223745 223746 223747 223748 223749 223750 223751 223752 223753 223754 223755 223756 223757 223758 223759 223760 223761 223762 223763 223764 223765 223766 223767 223768 223769 223770 223771 223772 223773 223774 223775 223776 223777 223778 223779 223780 223781 223782 223783 223784 223785 223786 223787 223788 223789 223790 223791 223792 223793 223794 223795 223796 223797 223798 223799 223800 223801 223802 223803 223804 223805 223806 223807 223808 223809 223810 223811 223812 223813 223814 223815 223816 223817 223818 223819 223820 223821 223822 223823 223824 223825 223826 223827 223828 223829 223830 223831 223832 223833 223834 223835 223836 223837 223838 223839 223840 223841 223842 223843 223844 223845 223846 223847 223848 223849 223850 223851 223852 223853 223854 223855 223856 223857 223858 223859 223860 223861 223862 223863 223864 223865 223866 223867 223868 223869 223870 223871 223872 223873 223874 223875 223876 223877 223878 223879 223880 223881 223882 223883 223884 223885 223886 223887 223888 223889 223890 223891 223892 223893 223894 223895 223896 223897 223898 223899 223900 223901 223902 223903 223904 223905 223906 223907 223908 223909 223910 223911 223912 223913 223914 223915 223916 223917 223918 223919 223920 223921 223922 223923 223924 223925 223926 223927 223928 223929 223930 223931 223932 223933 223934 223935 223936 223937 223938 223939 223940 223941 223942 223943 223944 223945 223946 223947 223948 223949 223950 223951 223952 223953 223954 223955 223956 223957 223958 223959 223960 223961 223962 223963 223964 223965 223966 223967 223968 223969 223970 223971 223972 223973 223974 223975 223976 223977 223978 223979 223980 223981 223982 223983 223984 223985 223986 223987 223988 223989 223990 223991 223992 223993 223994 223995 223996 223997 223998 223999 224000 224001 224002 224003 224004 224005 224006 224007 224008 224009 224010 224011 224012 224013 224014 224015 224016 224017 224018 224019 224020 224021 224022 224023 224024 224025 224026 224027 224028 224029 224030 224031 224032 224033 224034 224035 224036 224037 224038 224039 224040 224041 224042 224043 224044 224045 224046 224047 224048 224049 224050 224051 224052 224053 224054 224055 224056 224057 224058 224059 224060 224061 224062 224063 224064 224065 224066 224067 224068 224069 224070 224071 224072 224073 224074 224075 224076 224077 224078 224079 224080 224081 224082 224083 224084 224085 224086 224087 224088 224089 224090 224091 224092 224093 224094 224095 224096 224097 224098 224099 224100 224101 224103 224104 224105 224106 224107 224108 224109 224110 224111 224112 224113 224114 224115 224116 224117 224118 224119 224120 224121 224122 224123 224124 224125 224126 224127 224128 224129 224130 224131 224132 224133 224134 224135 224136 224137 224138 224139 224140 224141 224142 224143 224144 224145 224146 224147 224148 224149 224150 224151 224152 224153 224154 224155 224156 224157 224158 224159 224160 224161 224162 224163 224164 224165 224166 224167 224168 224169 224170 93099 224171 224172 224173 224174 224175 224176 224178 224177 224179 224180 224181 224182 224183 224184 224185 224186 224187 224188 224190 224189 224191 224192 224193 224195 224194 224196 224197 224199 224198 224200 224201 224202 224203 224204 224205 224207 93136 224206 224210 224208 224209 224211 224212 224213 224216 224214 224215 224219 224217 224218 224220 224221 224224 224222 224223 224225 224226 224227 224228 224229 224230 224233 224231 224232 224234 224235 224236 224237 224238 224239 224240 224243 224241 224242 224244 224245 224246 224247 224248 224249 224250 224251 224254 224252 224253 224255 224256 224257 224258 224259 224260 224261 224262 224263 224264 224265 224266 224267 224268 224269 224270 224271 224272 224273 224274 224275 224276 224277 224278 224279 224280 224281 224282 224283 224284 224285 224286 224287 224288 224289 224290 224293 224291 224292 224294 224295 224298 224296 224297 224299 224300 224301 224304 224302 224303 224305 224306 224307 224308 224309 224310 224311 224312 224313 224314 224315 224316 224317 224318 224319 224320 224321 224324 224322 224323 224325 224326 224327 224328 224329 224330 224331 224334 224332 224333 224335 224336 224337 224338 224339 224340 224341 224342 224343 224344 224345 224346 224347 224348 224349 224350 224351 224354 224352 224353 224355 224356 224357 224358 224359 224360 224361 224362 224363 224364 224365 224366 224367 224368 224369 224370 224371 224372 224373 224374 224375 224376 224377 224378 224379 224380 224381 224382 224385 224383 224384 224386 224387 224388 224389 224390 224451 224452 224453 224454 224455 224456 224457 224458 224459 224460 224461 224462 224463 224464 224465 224466 224467 224468 224469 224470 224471 224472 224473 224474 224475 224476 224477 224478 224479 224480 224481 224482 224483 224484 224485 224498 224499 224500 224501 224502 224503 224504 224505 224506 224507 224508 224509 224510 224511 224512 224513 224514 224515 224516 224517 224518 224519 224520 224521 224522 224523 224524 224525 224526 224527 224528 224529 224530 224531 224532 224533 224534 224535 224536 224537 224539 224540 224541 224542 224543 224544 224545 224546 224547 224548 224549 224550 224551 224552 224553 224554 224555 224556 224557 224558 224559 224560 224561 224562 224563 224564 224565 224566 224567 224568 224569 224570 224571 224572 224573 224574 224575 224576 224577 224578 224579 224580 224581 224582 224583 224584 224585 224586 224587 224588 224589 224590 224591 224592 224593 224594 224595 224596 224597 224598 224599 224600 224601 224602 224603 224604 224605 224606 224607 224608 224609 224610 224611 224612 224613 224614 224615 224616 224617 224618 224619 224620 224621 224622 224623 224624 224625 224626 224627 224628 224629 224630 224631 224632 224633 224634 224635 224636 224637 224638 224639 224640 224641 224642 224643 224644 224645 224646 224647 224648 224649 224650 224651 224652 224653 224654 224655 224656 224657 224658 224659 224660 224661 224662 224663 224664 224665 224666 224667 224668 224669 224670 224671 224672 224673 224674 224675 224676 224677 224678 224679 224680 224681 224682 224683 224684 224685 224686 224689 224690 224691 224692 224693 224694 224695 224696 224697 224698 224699 224700 224701 224702 224703 224704 224705 224706 224707 224708 224709 224710 224711 224712 224713 224714 224715 224716 224717 224718 224719 224720 224721 224722 224723 224724 224725 224726 224727 224728 224729 224730 224731 224732 224733 224734 224735 224736 224737 224738 224739 224740 224741 224742 224743 224744 224745 224746 224747 224748 224749 224750 224751 224752 224753 224754 224755 224756 224757 224758 224759 224760 224761 224762 224763 224764 224765 224766 224767 224768 224769 224770 224771 224772 224773 224774 224775 224776 224777 224778 224779 224780 224781 224782 224783 224784 224785 224786 224787 224788 224789 224790 224791 224792 224793 224794 224795 224796 224797 224798 224799 224800 224801 224802 224803 224804 224805 224806 224807 224808 224809 224810 224811 224812 224813 224814 224815 224816 224817 224818 224819 224820 224821 224822 224823 224824 224825 224826 224827 224828 224829 224830 224831 224832 224833 224834 224835 224836 224837 224838 224839 224840 224841 224842 224843 224844 224845 224846 224847 224848 224849 224850 224851 224852 224853 224854 224855 224856 224857 224858 224859 224860 224861 224862 224863 224864 224865 224866 224867 224868 224869 224870 224871 224872 224873 224874 224875 224876 224877 224878 224879 224880 224881 224882 224883 224884 224885 224886 224887 224888 224889 224890 224891 224892 224893 224894 224895 224896 224897 224898 224899 224900 224901 224902 224903 224904 224905 224906 224907 224908 224909 224910 224911 224912 224913 224914 224915 224916 224917 224918 224919 224920 224921 224922 224923 224924 224925 224926 224927 224928 224929 224930 224931 224932 224933 224934 224935 224936 224937 224938 224939 224940 224941 224942 224943 224944 224945 224946 224947 224948 224949 224950 224951 224952 224953 224954 224955 224956 224957 224958 224959 224960 224961 224962 224963 224964 224965 224966 224967 224968 224969 224970 224971 224972 224973 224974 224975 224976 224977 224978 224979 224980 224981 224982 224983 224984 224985 224986 224987 224988 224989 224990 224991 224992 224993 224994 224995 224996 224997 224998 224999 225000 225001 225002 225003 225004 225005 225006 225007 225008 225009 225010 225011 225012 225013 225014 225015 225016 225017 225018 225019 93948 225020 225021 225022 225023 225024 225025 225026 225028 225027 225029 225030 225031 225032 225033 225034 225035 225037 225038 225036 225039 225040 225041 225042 225043 225044 225045 225046 225047 225048 225049 225050 225051 225052 225053 225054 225055 225056 225057 225058 225059 225060 225061 225062 225063 225065 225066 225067 225068 225069 225070 225071 225072 225073 225074 225075 225076 225077 225078 225079 225080 225081 225082 225083 225084 225085 225086 225087 225088 225089 225090 225091 225092 225093 225094 225095 225096 225097 94026 225098 225099 225101 225102 225100 225103 225104 225105 225107 225106 225108 225109 225110 225112 225111 225113 225115 225114 225116 225117 225119 225118 225121 225122 225120 225123 225125 225124 225126 225127 225128 94058 225131 225129 225130 225134 225132 225133 225137 225135 225139 225140 225136 225138 225143 225144 225141 225142 225145 225146 225147 225148 225151 225149 225150 225152 225155 225153 225154 225158 225159 225156 225161 225157 225160 225162 225163 225164 225165 225166 225167 225169 225170 225171 225172 225173 225174 225175 225176 225177 225179 225180 225181 225182 225183 225184 225185 225186 225187 225188 225189 225190 225191 225192 225193 225194 225195 225196 225197 225198 225199 225200 225201 225202 225203 225204 225205 225206 225207 225208 225209 225210 225211 225212 225213 225214 225215 225216 225217 225218 225219 225220 225221 225222 225223 225224 225225 225226 225227 225228 225229 225230 225231 225232 225233 225234 225235 225236 225237 225238 225239 225240 225241 225242 225243 225244 225245 225246 225247 225248 225249 225250 225251 225252 225253 225254 225255 225256 225257 225258 225259 225260 225261 225262 225263 225264 225265 225266 225267 225268 225269 225270 225271 225272 225273 225274 225275 225276 225277 225278 225279 225280 225281 225282 225283 225284 225285 225286 225287 225288 225289 225290 225291 225292 225293 225294 225295 225296 225297 225298 225299 225300 225301 225302 225303 225304 225305 225306 225307 225308 225309 225310 225311 225312 225313 225314 225315 225316 225317 225318 225319 225320 225321 225322 225323 225324 225325 225326 225327 225328 225329 225330 225331 225332 225333 225334 225335 225336 225337 225338 225339 225340 225341 225342 225343 225344 225345 225346 225347 225348 225349 225350 225351 225352 225353 225354 225355 225356 225357 225358 225359 225360 225361 225362 225363 225364 225365 225366 225367 225368 225369 225370 225371 225372 225373 225374 225375 225376 225377 225378 225379 225380 225381 225382 225383 225384 225385 225386 225387 225388 225389 225390 225391 225392 225393 225394 225395 225396 225397 225398 225399 225400 225401 225402 225403 225404 225405 225406 225407 225408 225409 225410 225411 225412 225413 225414 225415 225416 225417 225418 225419 225420 225421 225422 225423 225424 225425 225426 225427 225428 225429 225430 225431 225432 225433 225434 225435 225436 225437 225438 225439 225440 225441 225442 225443 225444 225445 225446 225447 225448 225449 225450 225451 225452 225453 225454 225455 225456 225457 225458 225459 225460 225461 225462 225463 225464 225465 225466 225467 225468 225469 225470 225471 225472 225473 225474 225475 225476 225477 225478 225479 225480 225481 225482 225483 225484 225485 225486 225487 225488 225489 225490 225491 225492 225493 225494 225495 225496 225497 225498 225499 225500 225501 225502 225503 225504 225505 225506 225507 225508 225509 225510 225511 225512 225513 225514 225515 225516 225517 225518 225519 225520 225521 225522 225523 225524 225525 225526 225527 225528 225529 225530 225531 225532 225533 225534 225535 225536 225537 225538 225539 225540 225541 225542 225543 225544 225545 225546 225547 225548 225549 225550 225551 225552 225553 225554 225555 225556 225557 225558 225559 225560 225561 225562 225563 225564 225565 225566 225567 225568 225569 225570 225571 225572 225573 225574 225575 225576 225577 225578 225579 225580 225581 225582 225583 225584 225585 225586 225587 225588 225589 225590 225591 225592 225593 225594 225595 225596 225597 225598 225599 225600 225601 225602 225603 225604 225605 225606 225607 225608 225609 225610 225611 225612 225613 225614 225615 225616 225617 225618 225619 225620 225621 225622 225623 225624 225625 225626 225627 225628 225629 225630 225631 225632 225633 225634 225635 225636 225637 225638 225639 225640 225641 225642 225643 225644 225645 225646 225647 225648 225649 225650 225651 225652 225653 225654 225655 225656 225657 225658 225659 225660 225661 225662 225663 225664 225665 225666 225667 225668 225669 225670 225671 225672 225673 225674 225675 225676 225677 225678 225679 225680 225681 225682 225683 225684 225685 225686 225687 225688 225689 225690 225691 225692 225693 225694 225695 225696 225697 225698 225699 225700 225701 225702 225703 225704 225705 225706 225707 225708 225709 225710 225711 225712 225713 225714 225715 225716 225717 225718 225719 225720 225721 225722 225723 225724 225725 225726 225727 225728 225729 225730 225731 225732 225733 225734 225735 225736 225737 225738 225739 225740 225741 225742 225743 225744 225745 225746 225747 225748 225749 225750 225751 225752 225753 225754 225755 225756 225757 225758 225759 225760 225761 225762 225763 225764 225765 225766 225767 225768 225769 225770 225771 225772 225773 225774 225775 225776 225777 225778 225779 225780 225781 225782 225783 225784 225785 225786 225787 225788 225789 225790 225791 225792 225793 225794 225795 225796 225797 225798 225799 225800 225801 225802 225803 225804 225805 225806 225807 225808 225809 225810 225811 225812 225813 225814 225815 225816 225817 225818 225819 225820 225821 225822 225823 225824 225825 225826 225827 225828 225829 225830 225831 225832 225833 225834 225835 225836 225837 225838 225839 225840 225841 225842 225843 225844 225845 225846 225847 225848 225849 225850 225851 225852 225853 225854 225855 225856 225857 225858 225859 225860 225861 225862 225863 225864 225865 225866 225867 225868 225869 225870 225871 225872 225873 225874 225875 225876 225877 225878 225879 225880 225881 225882 225883 225884 225885 225886 225887 225888 225889 225890 225891 225892 225893 225894 225895 225896 225897 225898 225899 225900 225901 225902 225903 225904 225905 225906 225907 225908 225909 225910 225911 225912 225913 225914 225915 225916 225917 225918 225919 225920 225921 225922 225923 225924 225925 225926 225927 225928 225929 225930 225931 225932 225933 225934 225935 225936 225937 225938 225939 225940 225941 225942 225943 225944 225945 225946 225947 225948 225949 225950 225951 225952 225953 225954 225955 225956 225957 225958 225959 225960 225961 225962 225963 225964 225965 225966 225967 225968 225969 225970 225971 225972 225973 225974 225975 225976 225977 225978 225979 225980 225981 225982 225983 225984 225985 225986 225987 225988 225989 225990 225991 225992 225993 225994 225995 225996 225997 225998 225999 226000 226001 226002 226003 226004 226005 226006 226007 226008 226009 226010 226011 226012 226013 226014 226015 226016 226017 226018 226019 226020 226021 226022 226023 226024 226025 226026 226027 226028 226029 226030 226031 226032 226033 226034 226035 226036 226037 226038 226039 226040 226041 226042 226043 226044 226045 226046 226047 226048 226049 226050 226051 226052 226053 226054 226055 226056 226057 226058 226059 226060 226061 226062 226063 226064 226065 226066 226067 226068 226069 226070 226071 226072 226073 226074 226075 226076 226077 226078 226079 226080 226081 226082 226083 226084 226085 226086 226087 226088 226089 226090 226091 226092 226093 226094 226095 226096 226097 226098 226099 226100 226101 226102 226103 226104 226105 226106 226107 226108 226109 226110 226111 226112 226113 226114 226115 226116 226117 226118 226119 226120 226121 226122 226123 226124 226125 226126 226127 226128 226129 226130 226131 226132 226133 226134 226135 226136 226137 226138 226139 226140 226141 226142 226143 226144 226145 226146 226147 226148 226149 226150 226151 226152 226153 226154 226155 226156 226157 226158 226159 226160 226161 226162 226163 226164 226165 226166 226167 226168 226169 226170 226171 226172 226173 226174 226175 226176 226177 226178 226179 226180 226181 226182 226183 226184 226185 226186 226187 226188 226189 226190 226191 226192 226193 226194 226195 226196 226197 226198 226199 226200 226201 226202 226203 226204 226205 226206 226207 226208 226209 226210 226211 226212 226213 226214 226215 226216 226217 226218 226219 226220 226221 226222 226223 226224 226225 226226 226227 226228 226229 226230 226231 226232 226233 226234 226235 226236 226237 226238 226239 226240 226241 226242 226243 226244 226245 226246 226247 226248 226249 226250 226251 226252 226253 226254 226255 226256 226257 226258 226259 226260 226261 226262 226263 226264 226265 226266 226267 226268 226269 226270 226271 226272 226273 226274 226275 226276 226277 226278 226279 226280 226281 226282 226283 226284 226285 226286 226287 226288 226289 226290 226291 226292 226293 226294 226295 226296 226297 226298 226299 226300 226301 226302 226303 226304 226305 226306 226307 226308 226309 226310 226311 226312 226313 226314 226315 226316 226317 226318 226319 226320 226321 226322 226323 226324 226325 226326 226327 226328 226329 226330 226331 226332 226333 226334 226335 226336 226337 226338 226339 226340 226341 226342 226343 226344 226345 226346 226347 226348 226349 226350 226351 226352 226353 226354 226355 226356 226357 226358 226359 226360 226361 226362 226363 226364 226365 226366 226367 226368 226369 226370 226371 226372 226373 226374 226375 226376 226377 226378 226379 226380 226381 226382 226383 226384 226385 226386 226387 226388 226389 226390 226391 226392 226393 226394 226395 226396 226397 226398 226399 226400 226401 226402 226403 226404 226405 226406 226407 226408 226409 226410 226411 226412 226413 226414 226415 226416 226417 226418 226419 226420 226421 226422 226423 226424 226425 226426 226427 226428 226429 226430 226431 226432 226433 226434 226435 226436 226437 226438 226439 226440 226441 226442 226443 226444 226445 226446 226447 226448 226449 226450 226451 226452 226453 226454 226455 226456 226457 226458 226459 226460 226461 226462 226463 226464 226465 226466 226467 226468 226469 226470 226471 226472 226473 226474 226475 226476 226477 226478 226479 226480 226481 226482 226483 226484 226485 226486 226487 226488 226489 226490 226491 226492 226493 226494 226495 226496 226497 226498 226499 226500 226501 226502 226503 226504 226505 226506 226507 226508 226509 226510 226511 226512 226513 226514 226515 226516 226517 226518 226519 226520 226521 226522 226523 226524 226525 226526 226527 226528 226529 226530 226531 226532 226533 226534 226535 226536 226537 226538 226539 226540 226541 226542 226543 226544 226545 226546 226547 226548 226549 226550 226551 226552 226553 226554 226555 226556 226557 226558 226559 226560 226561 226562 226563 226564 226565 226566 226567 226568 226569 226570 226571 226572 226573 226574 226575 226576 226577 226578 226579 226580 226581 226582 226583 226584 226585 226586 226587 226588 226589 226590 226591 226592 226593 226594 226595 226596 226597 226598 226599 226600 226601 226602 226603 226604 226605 226606 226607 226608 226609 226610 226611 226612 226613 226614 226615 226616 226617 226618 226619 226620 226621 226622 226623 226624 226625 226626 226627 226628 226629 226630 226631 226632 226633 226634 226635 226636 226637 226638 226639 226640 226641 226642 226643 226644 226645 226646 226647 226648 226649 226650 226651 226652 226653 226654 226655 226656 226657 226658 226659 226660 226661 226662 226663 226664 226665 226666 226667 226668 226669 226670 226671 226672 226673 226674 226675 226676 226677 226678 226679 226680 226681 226682 226683 226684 226685 226686 226687 226688 226689 226690 226691 226692 226693 226694 226695 226696 226697 226698 226699 226700 226701 226702 226703 226704 226705 226706 226707 226708 226709 226710 226711 226712 226713 226714 226715 226716 226717 226718 226719 226720 226721 226722 226723 226724 226725 226726 226727 226728 226729 226730 226731 226732 226733 226734 226735 226736 226737 226738 226739 226740 226741 226742 226743 226744 226745 226746 226747 226748 226749 226750 226751 226752 226753 226754 226755 226756 226757 226758 226759 226760 226761 226762 226763 226764 226765 226766 226767 226768 226769 226770 226771 226772 226773 226774 226775 226776 226777 226778 226779 226780 226781 226782 226783 226784 226785 226786 226787 226788 226789 226790 226791 226792 226793 226794 226795 226796 226797 226798 226799 226800 226801 226802 226803 226804 226805 226806 226807 226808 226809 226810 226811 226812 226813 226814 226815 226816 226817 226818 226819 226820 226821 226822 226823 226824 226825 226826 226827 226828 226829 226830 226831 226832 226833 226834 226835 226836 226837 226838 226839 226840 226841 226842 226843 226844 226845 226846 226847 226848 226849 226850 226851 226852 226853 226854 226855 226856 226857 226858 226859 226860 226861 226862 226863 226864 226865 226866 226867 226868 226869 226870 226871 226872 226873 226874 226875 226876 226877 226878 226879 226880 226881 226882 226883 226884 226885 226886 226887 226888 226889 226890 226891 226892 226893 226894 226895 226896 226897 226898 226899 226900 226901 226902 226903 226904 226905 226906 226907 226908 226909 226910 226911 226912 226913 226914 226915 226916 226917 226918 226919 226920 226921 226922 226923 226924 226925 226926 226927 226928 226929 226930 226931 226932 226933 226934 226935 226936 226937 226938 226939 226940 226941 226942 226943 226944 226945 226946 226947 226948 226949 226950 226951 226952 226953 226954 226955 226956 226957 226958 226959 226960 226961 226962 226963 226964 226965 226966 226967 226968 226969 226970 226971 226972 226973 226974 226975 226976 226977 226978 226979 226980 226981 226982 226983 226984 226985 226986 226987 226988 226989 226990 226991 226992 226993 226994 226995 226996 226997 226998 226999 227000 227001 227002 227003 227004 227005 227006 227007 227008 227009 227010 227011 227012 227013 227014 227015 227016 227017 227018 227019 227020 227021 227022 227023 227024 227025 227026 227027 227028 227029 227030 227031 227032 227033 227034 227035 227036 227037 227038 227039 227040 227041 227042 227043 227044 227045 227046 227047 227048 227049 227050 227051 227052 227053 227054 227055 227056 227057 227058 227059 227060 227061 227062 227063 227064 227065 227066 227067 227068 227069 227070 227071 227072 227073 227074 227075 227076 227077 227078 227079 227080 227081 227082 227083 227084 227085 96014 227086 227087 227088 227089 227090 227091 227092 227093 227094 227095 227096 227097 227098 227099 227100 227101 227102 227103 227104 227105 227106 227107 227108 227109 227110 227111 227112 227113 227114 227115 227116 227117 227118 227119 227120 227121 227122 227123 227124 227125 227126 227127 227128 227129 227130 227131 227132 227133 227134 227135 227136 227137 227138 227139 227140 227141 227142 227143 227144 227145 227146 227147 227148 227149 227150 227151 227152 227153 227154 227155 227156 227157 227158 227159 227160 227161 227162 227163 227164 227165 227166 227167 227168 227169 227170 227171 227172 227173 227174 227175 227176 227177 227178 227179 227180 227181 227182 227183 227184 227185 227186 227187 227188 227189 227190 227191 227192 227193 227194 227195 227196 227197 227198 227199 227200 227201 227202 227203 227204 227205 227206 227207 227208 227209 227210 227211 227212 227213 227214 227215 227216 227217 227218 227219 227220 227221 227222 227223 227224 227225 227226 227227 227228 227229 227230 227231 227232 227233 227234 227235 227236 227237 227238 227239 227240 227241 227242 227243 227244 227245 227246 227247 227248 227249 227250 227251 227252 227253 227254 227255 227256 227257 227258 227259 227260 227261 227262 227263 227264 227265 227266 227267 227268 227269 227270 227271 227272 227273 227274 227275 227276 227277 227278 227279 227280 227281 227282 227283 227284 227285 227286 227287 227288 227289 227290 227291 227292 227293 227294 227295 227296 227297 227298 227299 227300 227301 227302 227303 227304 227305 227306 227307 227308 227309 227310 227311 227312 227313 227314 227315 227316 227317 227318 227319 227320 227321 227322 227323 227324 227325 227326 227327 227328 227329 227330 227331 227332 227333 227334 227335 227336 227337 227338 227339 227340 227341 227342 227343 227344 227345 227346 227347 227348 227349 227350 227351 227352 227353 227354 227355 227356 227357 227358 227359 227360 227361 227362 227363 227364 227365 227366 227367 227368 227369 227370 227371 227372 227373 227374 227375 227376 227377 227378 227379 227380 227381 227382 227383 227384 227385 227386 227387 227388 227389 227390 227391 227392 227393 227394 227395 227396 227397 227398 227399 227400 227401 227402 227403 227404 227405 227406 227407 227408 227409 227410 227411 227412 227413 227414 227415 96345 227416 227417 227418 227419 227420 227421 227422 227423 227424 227425 227426 96357 227427 227428 227429 227430 227431 227432 227433 227434 227435 227436 227437 227438 227439 227440 227441 227442 227443 227444 227445 227446 227447 227448 227449 227450 227451 96383 96384 96385 96386 227452 227453 227454 96390 96391 227455 96393 227457 227458 227459 227460 227461 227462 227463 96401 96402 227466 227467 227468 227469 227470 227471 96409 227473 227474 227475 227476 227477 227478 227479 227480 227481 227482 227483 227484 227485 227486 96424 96425 227489 227490 227491 227492 227493 227494 227495 227496 227497 227498 227499 227500 227501 227502 227503 227504 96442 227506 227507 227508 227509 227510 227511 227512 227513 227514 227515 96453 227517 227518 227519 227520 227521 227522 227523 227524 227525 227526 96464 227528 227529 227530 96468 227532 227533 227534 227535 227536 227537 227538 227539 227540 96478 227542 227543 227544 227545 227546 227547 227548 227549 227550 227551 227552 227553 227554 227555 227556 227557 227558 96496 227560 227561 227562 227563 227564 227565 96503 227567 227568 227569 227570 227571 227572 227573 227574 227575 227576 227577 227578 227579 227580 96518 227582 227583 227584 227585 227586 227587 227588 227589 227590 227591 227592 227593 227594 227595 227596 96534 227598 227599 227600 227601 227602 227603 227604 227605 227606 227607 227608 227609 96547 227611 227612 96550 227614 227615 96553 227617 227618 96556 227620 227621 227622 227623 227624 227625 96563 227627 227628 96566 227630 96568 227632 227633 227634 96572 227636 227637 96575 227639 227640 96578 227642 227643 227644 96582 227646 227647 96585 227649 227610 227651 227652 227653 227654 227655 227656 96594 227658 227659 96597 227661 227662 227663 96601 227613 227666 96604 227668 227669 96607 227671 227672 227673 227674 227675 96613 227677 227678 227679 227680 227616 96619 227683 227684 96622 227686 227687 96625 227689 227690 96628 227692 227693 96631 227695 227619 227697 227698 227699 227700 96638 227702 227703 96641 227705 227706 227707 227708 227709 96647 227711 227712 227713 227714 227715 227716 227717 227718 227719 227720 227721 227722 227723 227724 227725 227726 227727 227728 227729 227730 227626 227732 227733 227734 227735 227736 227737 227747 227748 227749 227750 227751 227752 227753 227754 227629 227755 227756 227757 227758 227759 227760 227761 227762 227763 227631 227764 227765 227766 227767 227768 227769 227770 227771 227772 227773 227774 227775 227776 227777 227778 227779 227780 227781 227782 227635 227783 227784 227785 227786 227787 227788 227789 227790 227791 227792 227793 227794 227795 227796 227638 227797 227798 227799 227800 227801 227802 227803 227804 227805 227806 227807 227808 227809 227810 227641 227811 227812 227813 227814 227815 227816 227817 227818 227819 227820 227821 227822 227823 227824 227825 227826 227827 227828 227829 227645 227830 227831 227832 227833 227834 227835 227836 227837 227838 227839 227840 227841 227842 227843 227844 227648 227845 227846 227847 227848 227849 227850 227851 227852 227853 227650 227854 227855 227856 227857 227858 227859 227860 227861 227862 227863 227864 227865 227866 227867 227868 227869 227870 227871 227872 227873 227874 227875 227876 227877 227878 227879 227880 227881 227882 227883 227884 227885 227886 227887 227657 227888 227889 227890 227891 227892 227893 227894 227895 227896 227897 227898 227899 227900 227901 227660 227903 227904 227905 227906 227907 227908 227909 227910 227911 227912 227913 227914 227915 227916 227917 227918 227919 227920 227921 227664 227923 227924 227925 227926 227665 227928 227929 227930 227931 227932 227933 227934 227935 227936 227667 227938 227939 227940 227941 227942 227943 227944 227945 227946 227947 227948 227949 227950 227951 227670 227953 227954 227955 227956 227957 227958 227959 227960 227961 227962 227963 227964 227965 227966 227967 227968 227969 227970 227971 227972 227973 227974 227975 227976 227977 227978 227979 227980 227981 227676 227983 227984 227985 227986 227987 227988 227989 227990 227991 227992 227993 227994 227995 227996 227997 227998 227999 228000 228001 228002 228003 228004 228005 228006 228007 227681 228009 228010 228011 228012 227682 228014 228015 228016 228017 228018 228019 228020 228021 228022 228023 228024 228025 228026 228027 227685 228029 228030 228031 228032 228033 228034 228035 228036 228037 228038 228039 228040 228041 228042 227688 228044 228045 228046 228047 228048 228049 228050 228051 228052 228053 228054 228055 228056 228057 227691 228059 228060 228061 228062 228063 228064 228065 228066 228067 228068 228069 228070 228071 228072 227694 228074 228075 228076 228077 228078 228079 228080 228081 228082 227696 228084 228085 228086 228087 228088 228089 228090 228091 228092 228093 228094 228095 228096 228097 228098 228099 228100 228101 228102 228103 228104 228105 228106 228107 227701 228109 228110 228111 228112 228113 228114 228115 228116 228117 228118 228119 228120 228121 228122 227704 228124 228125 228126 228127 228128 228129 228130 228131 228132 228133 228134 228135 228136 228137 228138 228139 228140 228141 228142 228143 228144 228145 228146 228147 228148 228149 228150 228151 228152 227710 228154 228155 228156 228157 228158 228159 228160 228161 228162 228163 228164 228165 228166 228167 228168 228169 228170 228171 228172 228173 228174 228175 228176 228177 228178 228179 228180 228181 228182 228183 228184 228185 228186 228187 228188 228189 228190 228191 228192 228193 228194 228195 228196 228197 228198 228199 228200 228201 228202 228203 228204 228205 228206 228207 228208 228209 228210 228211 228212 228213 228214 228215 228216 228217 228218 228219 228220 228221 228222 228223 228224 228225 228226 228227 228228 228229 228230 228231 228232 228233 228234 228235 228236 228237 228238 228239 228240 228241 228242 228243 228244 228245 228246 228247 228248 228249 228250 228251 228252 228253 228254 228255 228256 228257 228258 227731 228260 228261 228262 228263 228264 228265 228266 228267 228268 228269 228270 228271 228272 228273 228274 228275 228276 228277 228278 228279 228280 228281 228282 228283 228284 228285 228286 228287 228288 228289 228290 228291 228292 228293 228294 228295 228296 228297 228298 228299 228300 228301 228302 228303 228304 228305 228306 228307 228308 228309 228310 228311 228312 228313 228314 228315 228316 228317 228318 228319 228320 228321 228322 228323 228324 228325 228326 228327 228328 228329 228330 228331 228332 228333 228334 228335 228336 228337 228338 228339 228340 228341 228342 228343 228344 228345 228346 228347 228348 228349 228350 228351 228352 228353 228354 228355 228356 228357 228358 228359 228360 228361 228362 228363 228364 228365 228366 228367 228368 228369 228370 228371 228372 228373 228374 228375 228376 228377 228378 228379 228380 228381 228382 228383 228384 228385 228386 228387 228388 228389 228390 228391 228392 228393 228394 228395 228396 228397 228398 228399 228400 228401 228402 228403 228404 228405 228406 228407 228408 228409 228410 228411 228412 228413 228414 228415 228416 228417 228418 228419 228420 228421 228422 228423 228424 228425 228426 228427 228428 228429 228430 228431 228432 228433 228434 228435 228436 228437 228438 228439 228440 228441 228442 228443 228444 228445 228446 228447 228448 228449 228450 228451 228452 228453 228454 228455 228456 228457 228458 228459 228460 228461 228462 228463 228464 228465 228466 228467 228468 228469 228470 228471 228472 228473 228474 228475 228476 228477 228478 228479 228483 228484 228485 228486 228487 228488 228489 228490 228491 228492 228493 228494 228495 228496 228497 228498 228499 228500 228501 228502 228503 228504 228505 228506 228507 228508 228509 228510 228511 228512 228513 228514 228515 228516 228517 228518 228519 228520 228521 228522 228523 228524 228525 228526 228527 228528 228529 228530 228531 228532 228533 228534 228535 228536 228537 228538 228539 228540 228541 228542 228543 228544 228545 228546 228547 228548 228549 228550 228551 228552 228553 228554 228555 228556 228557 228558 228559 228560 228561 228562 228563 228564 228565 228566 228567 228568 228569 228570 228571 228572 228573 228574 228575 228576 228577 228578 228579 228580 228581 228582 228583 228584 228585 228586 228587 228588 228589 228590 228591 228592 228593 228594 228595 228596 228597 228598 228599 228600 228601 228602 228603 228604 228605 228606 228607 228608 228609 228610 228611 228612 228613 228614 228615 228616 228617 228618 228619 228620 228621 228622 228623 228624 228625 228626 228627 228628 228629 228630 228631 228632 228633 228634 228635 228636 228637 228638 228639 228640 228641 228642 228643 228644 228645 228646 228647 228648 228649 228650 228651 228652 228653 228654 228655 228656 228657 228658 228659 228660 228661 228662 228663 228664 228665 228666 228667 228668 228669 228670 228671 228672 228673 228674 228675 228676 228677 228678 228679 228680 228681 228682 228683 228684 228685 228686 228687 228688 228689 228690 228691 228692 228693 228694 228695 228696 228697 228698 228699 228700 228701 228702 228703 228704 228705 228706 228707 228708 228709 228710 228711 228712 228713 228714 228715 228716 228717 228718 228719 228720 228721 228722 228723 228724 228725 228726 228727 228728 228729 228730 228731 228732 228733 228734 228735 228736 228737 228738 228739 228740 228741 228742 228743 228744 228745 228746 228747 228748 228749 228750 228751 228752 228753 228754 228755 228756 228757 228758 228759 228760 228761 228762 228763 228764 228765 228766 228767 228768 228769 228770 228771 228772 228773 228774 228775 228776 228777 228778 228779 228780 228781 228782 228783 228784 228785 228786 228787 228788 228789 228790 228791 228792 228793 228794 228795 228796 228797 228798 228799 228800 228801 228802 228803 228804 228805 228806 228807 228808 228809 228810 228811 228812 228813 228814 228815 228816 228817 228818 228819 228820 228821 228822 228823 228824 228825 228826 228827 228828 228829 228830 228831 228832 228833 228834 228835 228836 228837 228838 228839 228840 228841 228842 228843 228844 228845 228846 228847 228848 228849 228850 228851 228852 228853 228854 228855 228856 228857 228858 228859 228860 228861 228862 228863 228864 228865 228866 228867 228868 228869 228870 228871 228872 228873 228874 228875 228876 228877 228878 228879 228880 228881 228882 228883 228884 228885 228886 228887 228888 228889 228890 228891 228892 228893 228894 228895 228896 228897 228898 228899 228900 228901 228902 228903 228904 228905 228906 228907 228908 228909 228910 228911 228912 228913 228914 228915 228916 228917 228918 228919 228920 228921 228922 228923 228924 228925 228926 228927 228928 228929 228930 228931 228932 228933 228934 228935 228936 228937 228938 228939 228940 228941 228942 228943 228944 228945 228946 228947 228948 228949 228950 228951 228952 228953 228954 228955 228956 228957 228958 228959 228960 228961 228962 228963 228964 228965 228966 228967 228968 228969 228970 228971 228972 228973 228974 228975 228976 228977 228978 228979 228980 228981 228982 228983 228984 228985 228986 228987 228988 228989 228990 228991 228992 228993 228994 228995 228996 228997 228998 228999 229000 229001 229002 229003 229004 229005 229006 229007 229008 229009 229010 229011 229012 229013 229014 229015 229016 229017 229018 229019 229020 229021 229022 229023 229024 229025 229026 229027 229028 229029 229030 229031 229032 229033 229034 229035 229036 229037 229038 229039 229040 229041 229042 229043 229044 229045 229046 229047 229048 229049 229050 229051 229052 229053 229054 229055 229056 229057 229058 229059 229060 229061 229062 229063 229064 229065 229066 229067 229068 229069 229070 229071 229072 229073 229074 229075 229076 229077 227902 229203 229204 229205 229206 229207 229208 229209 229210 229211 227922 227927 98230 227937 227952 98352 98354 98355 98356 98369 98370 98371 98373 98381 98385 98391 98392 98406 98421 98423 98424 98429 98432 98433 98438 98440 98443 98444 98445 98446 98453 227982 98463 98464 98466 98473 98480 98481 98485 98487 98492 98494 98499 98501 98504 98505 98509 98510 98517 98518 98521 98522 98523 98527 98529 98530 98533 98534 98535 98538 98540 98543 98545 98547 98551 98553 98554 98556 98558 98562 98564 98566 98567 98568 98572 98574 98576 98578 98580 98582 98583 228008 98592 98595 98597 98599 98611 228013 98616 98617 98618 98619 98621 98637 98641 98643 98645 228028 98693 98698 98699 98701 98710 98717 98718 98721 98723 98729 98730 98734 98736 98743 98744 228043 228058 228073 228083 99012 228108 228123 228153 228259 101054 101390 101417 101418 101419 101420 101421 101422 101430 101434 101435 101437 101439 101440 101444 101502 101505 101513 101519 101542 101553 101566 101571 101575 101578 101582 101588 101591 101599 101603 101606 101610 101615 101622 101625 101628 101631 101639 101643 101649 101656 101659 101662 101665 101668 101671 101674 103290 103300 103413 103416 103419 103426 103427 103431 103432 103433 103437 103440 103442 103446 103462 103463 103464 103465 103470 103473 103477 103478 103483 103486 103490 103492 103494 103497 103498 103504 103506 103508 103511 103514 103516 103520 103526 103527 103535 103538 103540 103542 103555 103556 103560 103563 103566 103568 103569 103574 103575 103576 103581 103588 103593 103596 103597 103598 103604 103607 103612 103613 103618 103619 103622 103636 103637 103638 103639 103652 103653 103654 103660 103670 103676 103677 103678 103679 103690 103693 103694 103700 103702 103735 103744 103745 103747 103754 103758 103762 103766 103767 103768 103772 103774 103778 103780 103782 103784 106084 106420 106448 106449 106451 106453 106455 106458 106468 106469 106470 106475 106476 106480 106482 106486 106489 106519 106557 106561 106564 108195 108274 108275 108276 108281 108282 108283 108284 108285 108286 108287 108296 108297 108298 108299 108305 108309 108310 108311 108314 108317 108323 108324 108327 108329 108331 108333 108337 108338 108341 108343 108347 108348 108351 108352 108353 108359 108361 108365 108368 108369 108377 108378 108379 108380 108384 108385 108389 108390 108392 108394 108414 108415 108416 108420 108422 108423 108424 108464 108469 108473 108476 108479 108482 108485 108488 108490 108552 108553 108554 108823 108824 108835 108836 108837 108838 108839 108840 108849 108851 108852 108855 108859 108861 108865 108881 108882 108893 108896 108899 108900 108911 108912 108915 108916 108919 108920 108928 108931 108939 108940 108946 108948 108950 108993 111209 111543 111571 111574 111578 111581 111588 111589 111590 111591 111599 111600 111603 111606 111608 111610 111614 111618 111619 111652 111654 111672 111673 111674 111675 111676 111687 111702 111705 111712 111715 111718 111723 111726 111729 111732 111735 111742 113312 113441 113442 113443 113444 113446 113454 113455 113456 113457 113462 113463 113464 113469 113472 113473 113474 113475 113476 113484 113486 113487 113489 113492 113494 113495 113498 113500 113501 113504 113508 113510 113512 113514 113518 113520 113522 113523 113524 113528 113529 113530 113534 113535 113539 113541 113543 113545 113549 113559 113561 113564 113570 113571 113572 113576 113577 113585 113587 113603 113630 113631 113637 113640 113645 113652 113656 113657 113663 113967 113968 113985 113988 113989 113990 113991 113992 113993 114000 114002 114004 114007 114009 114011 114012 114018 114020 114030 114031 114032 114038 114039 114042 114043 114046 114047 114050 114051 114055 114056 114064 114065 114070 114078 114079 114082 114083 114123 116308 116664 116706 116707 116708 116709 116714 116719 116721 116726 116730 116762 116764 116768 116800 116816 116827 116830 116835 116841 116844 116848 116851 116854 116860 116863 116866 116869 116872 116875 116881 116884 116887 116890 116898 116912 118505 118755 118759 118763 118765 118772 118773 118774 118776 118777 118787 118792 118796 118801 118805 118811 118813 118816 118823 118833 118837 118839 118846 118847 118855 118861 119057 119058 119059 119077 119078 119080 119085 119086 119087 119093 119095 119101 119102 119105 119108 119114 119127 119129 119130 119132 119133 119143 119144 119147 119151 119154 119155 119160 121264 121564 121608 121609 121610 121628 121633 121634 121642 223715 123248 123259 123384 123408 123409 123412 123413 123417 123421 123422 123423 123424 123439 123440 123446 123447 123448 123455 123459 123464 123465 123467 123470 123471 123474 123479 123483 123484 123495 123496 123497 123505 123508 123515 123519 123522 123523 123526 123531 123532 123533 123537 123538 123539 123543 123544 123545 123549 123550 123551 123557 123559 123562 123564 123570 123573 123578 123583 123591 123592 123596 123597 123600 123602 123603 123644 123646 123647 123650 123651 123656 123659 123663 123666 123667 123680 123681 123690 123693 123694 123702 123715 123723 123728 123743 123747 123750 123757 123769 123772 123780 123782 126029 126350 126408 126418 126429 128001 128015 128116 128117 128118 128120 128137 128139 128144 128146 128148 128151 128153 128154 128160 128163 128167 128168 128172 128174 128183 128185 128189 128190 128194 128196 128197 128204 128206 128209 128211 128214 128235 128236 128238 128239 128240 128245 128250 128266 128267 128275 128278 128292 128294 128296 128298 128302 128306 128308 128310 128315 128319 128323 128326 128329 128331 128345 77629 77640 128660 128681 128787 128788 128809 128810 128813 128823 128824 128830 128831 128832 128834 128839 128840 128848 128850 128854 128856 128857 128860 128861 128866 128869 128878 128885 128886 128891 128892 128895 128896 128900 128901 128911 128912 128913 128914 128915 128924 128925 128928 128929 128932 128986 128992 128997 128998 129002 129005 129027 129062 129064 129075 129078 129227 77806 77807 77808 77809 77815 77822 77823 77824 77825 77833 77837 77838 77839 77843 77844 77859 77860 77862 77868 77873 77880 77882 77884 77885 77892 77894 77896 77900 77905 77908 77911 77917 77918 77921 77923 77924 77927 77936 77937 77939 77942 77943 77951 77952 77954 77955 77964 77966 77968 77970 77971 77978 77980 77981 77983 77985 77992 77994 77999 78001 78003 78005 78008 78013 78014 78016 78019 78025 78037 78040 78041 78042 78059 78060 78061 78062 78072 78075 78080 78083 78087 78141 78147 78149
207790: 2 207779 330 207791 207792 9937 207793 207794 207795 207796 886 207797
207895: 186873 185461
222634: 222633
222635: 222633
222636: 222279
222707: 186873 185461
224102: 186873 185461
224687: 222633
224688: 222279
229174: 186873 185461
229203: 2 207779 330 229207 9937 229204 229205 886 229206 229208 229209 229210
229217: 186523 185461
229312: 186873 185461
229468: 186873 185461
229647: 186873 185461
234311: 77 185461
240217: 10880 239361 2 330 240223 239291 886 10873 240218 240219 239292 240221 240222 240220
268391: 186873 185461
268513: 186873 185461
273277: 273276 271805
274215: 186873 185461
280173: 10880 2 330 280174 280175 280176 280177 279250 280178 280179 279249 279318 886 10873
280516: 280515 279045
285002: 186873 185461
285393: 186523 185461
285398: 186873 185461
285416: 77 185461
285485: 77 185461
285486: 77 185461
285522: 186873 185461
285869: 186523 185461
285924: 77 185461
285932: 77 185461
286182: 186523 185461
286209: 77 185461
286357: 77 185461
286407: 77 185461
286408: 77 185461
286524: 285379 185461 188462
286525: 186873 185461
286540: 77 185461
286541: 77 185461
286543: 77 185461
286545: 77 185461
286552: 77 185461
286553: 77 185461
286555: 77 185461
286557: 77 185461
286563: 77 185461
286564: 77 185461
286565: 77 185461
286567: 77 185461
286570: 77 185461
286571: 77 185461
286575: 77 185461
286576: 77 185461
286582: 77 185461
286583: 77 185461
286585: 77 185461
286587: 77 185461
286596: 77 185461
286597: 77 185461
286598: 77 185461
286600: 77 185461
286607: 77 185461
286608: 77 185461
286609: 77 185461
286611: 77 185461
286622: 77 185461
286623: 77 185461
286626: 77 185461
286627: 77 185461
286635: 77 185461
286636: 77 185461
286637: 77 185461
286639: 77 185461
286657: 186523 185461
286660: 77 185461
286661: 77 185461
286663: 77 185461
286675: 186873 185461
286721: 77 185461
286725: 77 185461
286729: 77 185461
286831: 186873 185461
286840: 77 185461
286841: 77 185461
286842: 77 185461
286844: 77 185461
286846: 77 185461
286851: 77 185461
286852: 77 185461
286853: 77 185461
286854: 77 185461
286855: 186873 185461
287300: 186873 185461
287333: 77 185461
287385: 186523 185461
287386: 186873 185461
287739: 186523 185461
287779: 77 185461
287780: 77 185461
288041: 186873 185461
288235: 77 185461
288300: 287398 185461 188462
288323: 186873 185461
288345: 77 185461
288346: 77 185461
288347: 186873 185461
288742: 77 185461
288794: 77 185461
288795: 77 185461
288831: 77 185461
288839: 186873 185461
288860: 186523 185461
288885: 186523 185461
288899: 77 185461
288900: 77 185461
288903: 186873 185461
289082: 77 185461
289146: 77 185461
289255: 77 185461
289256: 77 185461
289259: 77 185461
289262: 77 185461
289269: 77 185461
289270: 77 185461
289272: 77 185461
289274: 77 185461
289278: 77 185461
289279: 77 185461
289281: 77 185461
289282: 186873 185461
289286: 77 185461
289289: 77 185461
289290: 77 185461
289294: 77 185461
289295: 77 185461
289300: 77 185461
289301: 77 185461
289302: 77 185461
289304: 77 185461
289310: 77 185461
289311: 77 185461
289313: 77 185461
289315: 77 185461
289320: 77 185461
289321: 77 185461
289322: 77 185461
289324: 77 185461
289331: 77 185461
289333: 77 185461
289335: 77 185461
289336: 77 185461
289342: 77 185461
289343: 77 185461
289344: 77 185461
289346: 77 185461
289362: 186523 185461
289365: 77 185461
289366: 77 185461
289367: 77 185461
289368: 77 185461
289378: 186873 185461
289386: 77 185461
289391: 77 185461
289395: 77 185461
289399: 77 185461
289569: 186873 185461
289579: 186523 185461
289589: 77 185461
289590: 77 185461
289591: 77 185461
289593: 77 185461
289595: 77 185461
289600: 77 185461
289601: 77 185461
289602: 77 185461
289603: 77 185461
289604: 186873 185461
289984: 186873 185461
289999: 77 185461
290048: 77 185461
290049: 77 185461
290113: 186523 185461
290116: 186873 185461
290143: 186523 185461
290156: 77 185461
290157: 77 185461
290380: 77 185461
290426: 77 185461
290427: 77 185461
290604: 186873 185461
290610: 77 185461
290611: 77 185461
290612: 77 185461
290615: 77 185461
290620: 77 185461
290621: 77 185461
290623: 77 185461
290627: 77 185461
290630: 77 185461
290631: 77 185461
290633: 77 185461
290636: 77 185461
290639: 77 185461
290640: 77 185461
290643: 77 185461
290644: 77 185461
290648: 77 185461
290649: 77 185461
290650: 77 185461
290652: 77 185461
290656: 77 185461
290657: 77 185461
290658: 77 185461
290660: 77 185461
290664: 77 185461
290665: 77 185461
290667: 77 185461
290669: 77 185461
290675: 77 185461
290676: 77 185461
290679: 77 185461
290680: 77 185461
290686: 77 185461
290687: 77 185461
290689: 77 185461
290691: 77 185461
290707: 186523 185461
290709: 77 185461
290710: 77 185461
290711: 77 185461
290712: 77 185461
290721: 186873 185461
290725: 77 185461
290729: 77 185461
290734: 77 185461
290748: 77 185461
290819: 186873 185461
290834: 77 185461
290835: 77 185461
290836: 77 185461
290838: 77 185461
290840: 77 185461
290845: 77 185461
290846: 77 185461
290848: 77 185461
290849: 186873 185461
290852: 186873 185461
290856: 186523 185461
290945: 186873 185461
291006: 186523 185461
291968: 186873 185461
292163: 186873 185461
293143: 186873 185461
293681: 186873 185461
293843: 186873 185461
293853: 186873 185461
294881: 186873 185461
295247: 295296 295297 2 295298 900 295292 295299 295295 1288 1249 14 295288 1309 1253 1066 295289 295218 1257 295290 330 1240 1241 986 1114 1245 295262 295263 295264 295265 295266 295267 295268 295269 295270 295271 295272 295273 295274 295275 295276 295277 1262 295278 295279 295280 882 295281 295282 295283 886 295284 295285 1118 295286 295291 295287 295293 295294 294911
295301: 295218 2 14 294911
295545: 294911 295543
295911: 186873 185461
296307: 186523 185461
296313: 186873 185461
296335: 77 185461
296391: 186873 185461
296407: 186523 185461
296828: 186523 185461
296865: 77 185461
296866: 77 185461
297133: 186873 185461
297341: 77 185461
297472: 186873 185461
297557: 186873 185461
297561: 77 185461
297562: 77 185461
297564: 186873 185461
297995: 77 185461
297996: 77 185461
298041: 186873 185461
298050: 186523 185461
298073: 77 185461
298088: 77 185461
298089: 186523 185461
298104: 77 185461
298105: 77 185461
298115: 186873 185461
298214: 77 185461
298221: 77 185461
298289: 296480 185461 188462
298309: 186873 185461
298320: 77 185461
298321: 77 185461
298322: 77 185461
298334: 186523 185461
298347: 77 185461
298414: 77 185461
298428: 77 185461
298451: 296480 185461 188462
298460: 186873 185461
298493: 77 185461
298494: 77 185461
298495: 77 185461
298500: 77 185461
298501: 77 185461
298504: 77 185461
298506: 77 185461
298507: 186873 185461
299344: 186873 185461
299372: 186523 185461
299504: 186873 185461
300415: 186523 185461
300854: 186873 185461
300873: 77 185461
300930: 186873 185461
300947: 186523 185461
301290: 186523 185461
301330: 77 185461
301331: 77 185461
301589: 186873 185461
301672: 77 185461
301831: 77 185461
301864: 77 185461
301941: 186873 185461
301965: 77 185461
301966: 77 185461
301967: 186873 185461
302350: 186873 185461
302368: 186523 185461
302611: 186523 185461
302626: 77 185461
302627: 77 185461
302628: 186873 185461
302894: 77 185461
302895: 77 185461
302939: 302577 185461 188462
302968: 186873 185461
302987: 77 185461
302988: 77 185461
302989: 77 185461
302990: 77 185461
303002: 186523 185461
303007: 77 185461
303011: 77 185461
303015: 77 185461
303019: 77 185461
303023: 77 185461
303027: 77 185461
303031: 186873 185461
303042: 77 185461
303226: 77 185461
303227: 77 185461
303232: 77 185461
303268: 185461 188462
303269: 185461 188462
303288: 186873 185461
303295: 77 185461
303296: 77 185461
303299: 77 185461
303304: 77 185461
303309: 77 185461
303310: 77 185461
303311: 77 185461
303312: 77 185461
303313: 186873 185461
303703: 77 185461
303761: 77 185461
303767: 186873 185461
303780: 186523 185461
303787: 186523 185461
303861: 186873 185461
303865: 77 185461
304212: 77 185461
304213: 186523 185461
304243: 77 185461
304244: 77 185461
304526: 77 185461
304602: 77 185461
304603: 77 185461
304635: 77 185461
304670: 303675 185461 188462
304683: 186873 185461
304701: 77 185461
304702: 77 185461
304703: 77 185461
304715: 186523 185461
304732: 186873 185461
304923: 304730 185461 188462
304945: 186873 185461
304962: 77 185461
304963: 77 185461
304964: 77 185461
304965: 77 185461
304966: 77 185461
304969: 77 185461
304971: 77 185461
304973: 77 185461
304974: 186873 185461
305359: 186873 185461
305366: 77 185461
305426: 77 185461
305427: 77 185461
305476: 186523 185461
305479: 186873 185461
305850: 186523 185461
305889: 77 185461
305890: 77 185461
306152: 186873 185461
306156: 77 185461
306160: 77 185461
306164: 77 185461
306168: 77 185461
306173: 77 185461
306177: 77 185461
306192: 77 185461
306263: 77 185461
306264: 77 185461
306265: 77 185461
306266: 186523 185461
306270: 186873 185461
306281: 77 185461
306354: 77 185461
306355: 77 185461
306438: 186873 185461
306449: 77 185461
306453: 77 185461
306454: 77 185461
306455: 77 185461
306461: 186873 185461
306836: 186873 185461
306860: 77 185461
306913: 186873 185461
306922: 186523 185461
307295: 186523 185461
307332: 77 185461
307333: 77 185461
307593: 186873 185461
307606: 77 185461
307755: 77 185461
307781: 77 185461
307861: 186873 185461
307868: 186523 185461
307879: 77 185461
307880: 77 185461
307881: 186873 185461
315119: 314265 315077
315120: 314265 315077
315121: 314265 315077
315123: 314265 315077
315124: 314265 315077
315129: 314265 315077
315134: 314265 315077
315136: 314265 315077
315138: 314265 315077
315139: 314265 315077
315141: 314265 315077
315142: 314265 315077
315144: 314265 315077
315145: 314265 315077
315147: 314265 315077
315148: 314265 315077
315149: 314265 315077
315150: 314265 315077
315152: 314265 315077
315153: 314265 315077
315155: 314265 315077
315157: 314265 315077
315159: 314265 315077
315160: 314265 315077
315162: 314265 315077
315163: 314265 315077
315165: 314265 315077
315166: 314265 315077
315168: 314265 315077
315169: 314265 315077
315171: 314265 315077
315172: 314265 315077
315174: 314265 315077
315175: 314265 315077
315177: 314265 315077
315179: 314265 315077
315181: 314265 315077
315183: 314265 315077
315185: 314265 315077
315187: 314265 315077
315189: 314265 315077
315190: 314265 315077
315192: 314265 315077
315194: 314265 315077
315196: 314265 315077
315197: 314265 315077
315198: 314265 315077
315199: 314265 315077
316739: 316738 315268
317641: 186523 185461
322437: 186873 185461
327595: 186873 185461
327598: 77 185461
327622: 77 185461
327679: 77 185461
327691: 186873 185461
327695: 186523 185461
327699: 77 185461
327713: 77 185461
328047: 186523 185461
328090: 77 185461
328091: 77 185461
328347: 186873 185461
328447: 77 185461
328448: 77 185461
328529: 186873 185461
328614: 186873 185461
328620: 77 185461
328621: 77 185461
328622: 77 185461
328623: 186523 185461
328850: 186873 185461
328862: 77 185461
328863: 77 185461
328864: 77 185461
328865: 77 185461
328866: 77 185461
328870: 77 185461
328872: 77 185461
328874: 77 185461
328875: 186873 185461
328879: 186523 185461
328884: 186873 185461
329288: 77 185461
329343: 77 185461
329344: 77 185461
329389: 186523 185461
329390: 186873 185461
329413: 186523 185461
329421: 77 185461
329422: 77 185461
329425: 186873 185461
329594: 77 185461
329657: 77 185461
329746: 77 185461
329747: 77 185461
329749: 77 185461
329751: 77 185461
329755: 77 185461
329756: 77 185461
329758: 77 185461
329760: 77 185461
329764: 77 185461
329765: 77 185461
329766: 77 185461
329768: 77 185461
329769: 186873 185461
329845: 222633
329846: 222279
329849: 77 185461
329850: 77 185461
329853: 77 185461
329854: 77 185461
329858: 77 185461
329859: 77 185461
329860: 77 185461
329862: 77 185461
329865: 77 185461
329866: 77 185461
329868: 77 185461
329870: 77 185461
329874: 77 185461
329875: 77 185461
329876: 77 185461
329878: 77 185461
329883: 77 185461
329884: 77 185461
329887: 77 185461
329888: 77 185461
329900: 77 185461
329901: 77 185461
329902: 77 185461
329904: 77 185461
329909: 77 185461
329910: 77 185461
329911: 77 185461
329912: 77 185461
329913: 186523 185461
329929: 186873 185461
329933: 77 185461
329937: 77 185461
329941: 77 185461
329945: 77 185461
330021: 186873 185461
330032: 77 185461
330033: 77 185461
330034: 77 185461
330036: 77 185461
330038: 77 185461
330043: 77 185461
330044: 77 185461
330045: 77 185461
330046: 77 185461
330047: 186873 185461
330440: 77 185461
330475: 186873 185461
330565: 186523 185461
330566: 186873 185461
330925: 186523 185461
330982: 77 185461
330983: 77 185461
331226: 186873 185461
331266: 77 185461
331431: 77 185461
331457: 77 185461
331692: 186873 185461
331715: 77 185461
331716: 77 185461
331718: 186873 185461
332095: 186873 185461
332114: 77 185461
332176: 77 185461
332177: 77 185461
332213: 186523 185461
332214: 186873 185461
332240: 186523 185461
332255: 77 185461
332256: 77 185461
332431: 77 185461
332472: 77 185461
332473: 77 185461
332588: 186873 185461
332596: 77 185461
332597: 77 185461
332598: 77 185461
332600: 77 185461
332610: 77 185461
332611: 77 185461
332613: 77 185461
332615: 77 185461
332620: 77 185461
332621: 77 185461
332622: 77 185461
332624: 77 185461
332627: 77 185461
332628: 77 185461
332631: 77 185461
332632: 77 185461
332636: 77 185461
332637: 77 185461
332638: 77 185461
332640: 77 185461
332643: 77 185461
332644: 77 185461
332646: 77 185461
332648: 77 185461
332651: 77 185461
332652: 77 185461
332654: 77 185461
332656: 77 185461
332664: 77 185461
332665: 77 185461
332668: 77 185461
332669: 77 185461
332673: 77 185461
332674: 77 185461
332676: 77 185461
332678: 77 185461
332683: 77 185461
332684: 77 185461
332685: 77 185461
332686: 77 185461
332695: 186523 185461
332711: 186873 185461
332715: 77 185461
332719: 77 185461
332723: 77 185461
332727: 77 185461
332731: 77 185461
332739: 77 185461
332797: 186523 185461
332798: 186873 185461
332866: 186873 185461
332872: 77 185461
332873: 77 185461
332874: 77 185461
332876: 77 185461
332878: 77 185461
332889: 77 185461
332890: 77 185461
332891: 77 185461
332892: 77 185461
332895: 186873 185461
333283: 186873 185461
333291: 186523 185461
333447: 186523 185461
333460: 77 185461
333461: 77 185461
333497: 186873 185461
333786: 186873 185461
333799: 77 185461
333800: 77 185461
333801: 77 185461
333802: 77 185461
333814: 186523 185461
333819: 77 185461
333824: 77 185461
333828: 77 185461
333832: 77 185461
333837: 77 185461
333846: 186873 185461
333853: 77 185461
333966: 77 185461
333967: 77 185461
333979: 77 185461
334018: 186873 185461
334033: 77 185461
334034: 77 185461
334037: 77 185461
334039: 77 185461
334044: 77 185461
334045: 77 185461
334046: 77 185461
334047: 77 185461
334048: 186873 185461
334052: 186873 185461
334445: 77 185461
334496: 77 185461
334497: 77 185461
334545: 186523 185461
334548: 186873 185461
334892: 186523 185461
334933: 77 185461
334934: 77 185461
335190: 186873 185461
335353: 77 185461
335433: 77 185461
335434: 77 185461
335557: 77 185461
335558: 77 185461
335559: 77 185461
335562: 77 185461
335569: 77 185461
335570: 77 185461
335572: 77 185461
335577: 77 185461
335645: 77 185461
335646: 77 185461
335647: 77 185461
335649: 77 185461
335651: 186873 185461
335657: 77 185461
335658: 77 185461
335661: 77 185461
335662: 77 185461
335675: 77 185461
335676: 77 185461
335677: 77 185461
335679: 77 185461
335685: 77 185461
335686: 77 185461
335688: 77 185461
335690: 77 185461
335693: 77 185461
335694: 77 185461
335696: 77 185461
335698: 77 185461
335704: 77 185461
335705: 77 185461
335708: 77 185461
335709: 77 185461
335716: 77 185461
335717: 77 185461
335718: 77 185461
335721: 77 185461
335737: 186523 185461
335740: 77 185461
335741: 77 185461
335742: 77 185461
335743: 77 185461
335753: 186873 185461
335757: 77 185461
335761: 77 185461
335765: 77 185461
335769: 77 185461
335773: 77 185461
335782: 77 185461
335855: 186873 185461
335859: 77 185461
335860: 77 185461
335861: 77 185461
335863: 77 185461
335869: 77 185461
335874: 77 185461
335875: 77 185461
335877: 77 185461
335883: 186873 185461
335884: 186873 185461
336274: 77 185461
336326: 77 185461
336327: 77 185461
336369: 186523 185461
336371: 186873 185461
336390: 186523 185461
336759: 186523 185461
336797: 77 185461
336798: 77 185461
337058: 186873 185461
337061: 77 185461
337065: 77 185461
337069: 77 185461
337073: 77 185461
337077: 77 185461
337090: 77 185461
337157: 77 185461
337158: 77 185461
337159: 77 185461
337160: 186523 185461
337164: 186873 185461
337179: 77 185461
337237: 77 185461
337238: 77 185461
337252: 186873 185461
337262: 77 185461
337326: 77 185461
337327: 77 185461
337328: 77 185461
337336: 186873 185461
337352: 186873 185461
337775: 77 185461
337776: 77 185461
337822: 186873 185461
337830: 186523 185461
337849: 77 185461
338186: 77 185461
338187: 186523 185461
338215: 77 185461
338216: 77 185461
338486: 186873 185461
338669: 186873 185461
338674: 77 185461
338675: 77 185461
338676: 77 185461
338677: 186523 185461
338683: 77 185461
338752: 77 185461
338771: 77 185461
338785: 186873 185461
338804: 77 185461
338805: 77 185461
338806: 77 185461
338812: 77 185461
338813: 77 185461
338816: 77 185461
338818: 77 185461
338819: 186873 185461
338832: 186873 185461
339397: 186523 185461
339400: 186873 185461
339776: 186523 185461
339822: 77 185461
339823: 77 185461
340081: 186873 185461
340303: 77 185461
340484: 186873 185461
340504: 77 185461
340505: 77 185461
340506: 77 185461
340508: 186873 185461
340898: 186873 185461
341078: 186523 185461
341079: 186873 185461
341083: 186523 185461
341107: 186523 185461
341118: 77 185461
341119: 77 185461
341121: 186873 185461
341158: 77 185461
341326: 77 185461
341417: 186873 185461
341432: 77 185461
341433: 77 185461
341434: 77 185461
341435: 186873 185461
341445: 186873 185461
341837: 77 185461
341899: 341800 185461 188462
341901: 186873 185461
341908: 186523 185461
342261: 186523 185461
342303: 77 185461
342304: 77 185461
342562: 186873 185461
342575: 77 185461
342599: 77 185461
342600: 77 185461
342611: 77 185461
342700: 186873 185461
342717: 77 185461
342718: 77 185461
342719: 186873 185461
342726: 186873 185461
343127: 186873 185461
343135: 77 185461
343200: 77 185461
343201: 77 185461
343240: 343099 185461 188462
343256: 186523 185461
343257: 186873 185461
343616: 186523 185461
343676: 77 185461
343677: 77 185461
343917: 186873 185461
343920: 77 185461
343924: 77 185461
343928: 77 185461
343932: 77 185461
343936: 77 185461
343949: 77 185461
344024: 77 185461
344025: 77 185461
344026: 77 185461
344038: 186523 185461
344043: 186873 185461
344076: 77 185461
344127: 77 185461
344128: 77 185461
344147: 186873 185461
344157: 77 185461
344162: 77 185461
344163: 77 185461
344164: 77 185461
344165: 186523 185461
344171: 186873 185461
344612: 186873 185461
344642: 77 185461
344701: 77 185461
344702: 77 185461
344732: 186873 185461
344736: 186523 185461
344748: 186523 185461
344762: 77 185461
344763: 77 185461